image,prediction
test-1082.png,P4H
test-2124.png,P4H
test-2706.png,P4H
test-3995.png,P4H
test-4096.png,P4H
test-1591.png,P4H
test-4287.png,P4H
test-2121.png,P4H
test-4066.png,P4H
test-4637.png,P4H
test-1262.png,P4H
test-4104.png,P4H
test-2932.png,P4H
test-3003.png,P4H
test-1968.png,P4H
test-3048.png,P4H
test-894.png,P4H
test-3232.png,P4H
test-3865.png,P4H
test-3331.png,P4H
test-3803.png,P4H
test-3433.png,P4H
test-1476.png,P4H
test-1755.png,P4H
test-1451.png,P4H
test-4664.png,P4H
test-1923.png,P4H
test-3533.png,P4H
test-1947.png,P4H
test-1497.png,P4H
test-3629.png,P4H
test-3446.png,P4H
test-3302.png,P4H
test-4965.png,P4H
test-519.png,P4H
test-2581.png,P4H
test-3270.png,P4H
test-737.png,P4H
test-3800.png,P4H
test-2611.png,P4H
test-2720.png,P4H
test-3379.png,P4H
test-3774.png,P4H
test-2871.png,P4H
test-2054.png,P4H
test-4985.png,P4H
test-3456.png,P4H
test-4917.png,P4H
test-2484.png,P4H
test-1546.png,P4H
test-3582.png,P4H
test-898.png,P4H
test-90.png,P4H
test-4682.png,P4H
test-4648.png,P4H
test-554.png,P4H
test-1257.png,P4H
test-555.png,P4H
test-3181.png,P4H
test-113.png,P4H
test-209.png,P4H
test-4208.png,P4H
test-1423.png,P4H
test-173.png,P4H
test-1973.png,P4H
test-2364.png,P4H
test-2982.png,P4H
test-394.png,P4H
test-817.png,P4H
test-1501.png,P4H
test-666.png,P4H
test-2738.png,P4H
test-2981.png,P4H
test-51.png,P4H
test-2993.png,P4H
test-2902.png,P4H
test-4610.png,P4H
test-3708.png,P4H
test-2602.png,P4H
test-385.png,P4H
test-2643.png,P4H
test-983.png,P4H
test-2708.png,P4H
test-4866.png,P4H
test-3785.png,P4H
test-2184.png,P4H
test-906.png,P4H
test-4190.png,P4H
test-2873.png,P4H
test-3406.png,P4H
test-3838.png,P4H
test-1468.png,P4H
test-1602.png,P4H
test-3.png,P4H
test-2282.png,P4H
test-2514.png,P4H
test-3150.png,P4H
test-4354.png,P4H
test-2506.png,P4H
test-1008.png,P4H
test-759.png,P4H
test-1180.png,P4H
test-513.png,P4H
test-1338.png,P4H
test-2980.png,P4H
test-979.png,P4H
test-719.png,P4H
test-1272.png,P4H
test-3555.png,P4H
test-2143.png,P4H
test-3472.png,P4H
test-859.png,P4H
test-3322.png,P4H
test-2176.png,P4H
test-4396.png,P4H
test-1465.png,P4H
test-2466.png,P4H
test-2618.png,P4H
test-3212.png,P4H
test-1172.png,P4H
test-4946.png,P4H
test-3740.png,P4H
test-4341.png,P4H
test-2312.png,P4H
test-2753.png,P4H
test-1427.png,P4H
test-2638.png,P4H
test-3919.png,P4H
test-3649.png,P4H
test-2126.png,P4H
test-217.png,P4H
test-588.png,P4H
test-3492.png,P4H
test-1517.png,P4H
test-651.png,P4H
test-553.png,P4H
test-2709.png,P4H
test-4428.png,P4H
test-1057.png,P4H
test-2302.png,P4H
test-2988.png,P4H
test-1410.png,P4H
test-948.png,P4H
test-3921.png,P4H
test-2986.png,P4H
test-3794.png,P4H
test-244.png,P4H
test-423.png,P4H
test-3652.png,P4H
test-4277.png,P4H
test-1674.png,P4H
test-1264.png,P4H
test-3891.png,P4H
test-1143.png,P4H
test-141.png,P4H
test-3382.png,P4H
test-2915.png,P4H
test-3875.png,P4H
test-532.png,P4H
test-1520.png,P4H
test-975.png,P4H
test-1391.png,P4H
test-4782.png,P4H
test-1190.png,P4H
test-3971.png,P4H
test-4925.png,P4H
test-2127.png,P4H
test-4513.png,P4H
test-1960.png,P4H
test-1393.png,P4H
test-1829.png,P4H
test-1125.png,P4H
test-2625.png,P4H
test-1958.png,P4H
test-4978.png,P4H
test-1708.png,P4H
test-1818.png,P4H
test-1386.png,P4H
test-3360.png,P4H
test-256.png,P4H
test-3792.png,P4H
test-3504.png,P4H
test-4775.png,P4H
test-4102.png,P4H
test-1677.png,P4H
test-2490.png,P4H
test-4114.png,P4H
test-2786.png,P4H
test-4814.png,P4H
test-4294.png,P4H
test-1384.png,P4H
test-4125.png,P4H
test-2693.png,P4H
test-4778.png,P4H
test-1870.png,P4H
test-2479.png,P4H
test-530.png,P4H
test-566.png,P4H
test-857.png,P4H
test-730.png,P4H
test-3319.png,P4H
test-4561.png,P4H
test-4828.png,P4H
test-4743.png,P4H
test-434.png,P4H
test-3453.png,P4H
test-1282.png,P4H
test-4249.png,P4H
test-1736.png,P4H
test-4407.png,P4H
test-4742.png,P4H
test-2578.png,P4H
test-2857.png,P4H
test-4010.png,P4H
test-1013.png,P4H
test-2071.png,P4H
test-106.png,P4H
test-1170.png,P4H
test-3240.png,P4H
test-1444.png,P4H
test-4038.png,P4H
test-4659.png,P4H
test-4858.png,P4H
test-4321.png,P4H
test-392.png,P4H
test-3425.png,P4H
test-4758.png,P4H
test-2694.png,P4H
test-1971.png,P4H
test-531.png,P4H
test-4350.png,P4H
test-3723.png,P4H
test-4966.png,P4H
test-3367.png,P4H
test-4557.png,P4H
test-4157.png,P4H
test-4729.png,P4H
test-740.png,P4H
test-1941.png,P4H
test-4786.png,P4H
test-4665.png,P4H
test-4862.png,P4H
test-2975.png,P4H
test-2086.png,P4H
test-1425.png,P4H
test-3410.png,P4H
test-4050.png,P4H
test-3050.png,P4H
test-561.png,P4H
test-1219.png,P4H
test-3265.png,P4H
test-2897.png,P4H
test-3001.png,P4H
test-2084.png,P4H
test-1777.png,P4H
test-3886.png,P4H
test-3924.png,P4H
test-2323.png,P4H
test-4605.png,P4H
test-856.png,P4H
test-3326.png,P4H
test-2436.png,P4H
test-1883.png,P4H
test-2576.png,P4H
test-1516.png,P4H
test-147.png,P4H
test-461.png,P4H
test-1456.png,P4H
test-446.png,P4H
test-1751.png,P4H
test-2632.png,P4H
test-2971.png,P4H
test-2685.png,P4H
test-4801.png,P4H
test-4824.png,P4H
test-4003.png,P4H
test-3139.png,P4H
test-4147.png,P4H
test-2406.png,P4H
test-2207.png,P4H
test-1270.png,P4H
test-1704.png,P4H
test-4232.png,P4H
test-2554.png,P4H
test-4429.png,P4H
test-4926.png,P4H
test-3630.png,P4H
test-4160.png,P4H
test-454.png,P4H
test-1658.png,P4H
test-304.png,P4H
test-215.png,P4H
test-1460.png,P4H
test-597.png,P4H
test-2601.png,P4H
test-2524.png,P4H
test-3736.png,P4H
test-2564.png,P4H
test-2079.png,P4H
test-1925.png,P4H
test-4577.png,P4H
test-4583.png,P4H
test-2994.png,P4H
test-2697.png,P4H
test-3116.png,P4H
test-757.png,P4H
test-4823.png,P4H
test-1504.png,P4H
test-791.png,P4H
test-4907.png,P4H
test-4931.png,P4H
test-3471.png,P4H
test-3007.png,P4H
test-3548.png,P4H
test-3982.png,P4H
test-3758.png,P4H
test-1576.png,P4H
test-487.png,P4H
test-4489.png,P4H
test-4882.png,P4H
test-2088.png,P4H
test-2397.png,P4H
test-808.png,P4H
test-723.png,P4H
test-2474.png,P4H
test-3197.png,P4H
test-1867.png,P4H
test-11.png,P4H
test-403.png,P4H
test-324.png,P4H
test-177.png,P4H
test-1643.png,P4H
test-3633.png,P4H
test-2594.png,P4H
test-3599.png,P4H
test-290.png,P4H
test-3085.png,P4H
test-32.png,P4H
test-33.png,P4H
test-2730.png,P4H
test-2416.png,P4H
test-4118.png,P4H
test-996.png,P4H
test-489.png,P4H
test-2287.png,P4H
test-293.png,P4H
test-749.png,P4H
test-2110.png,P4H
test-3902.png,P4H
test-282.png,P4H
test-1354.png,P4H
test-785.png,P4H
test-2360.png,P4H
test-3103.png,P4H
test-1534.png,P4H
test-4709.png,P4H
test-1280.png,P4H
test-2532.png,P4H
test-4521.png,P4H
test-537.png,P4H
test-3580.png,P4H
test-3710.png,P4H
test-3301.png,P4H
test-922.png,P4H
test-1160.png,P4H
test-2661.png,P4H
test-2822.png,P4H
test-82.png,P4H
test-4816.png,P4H
test-3384.png,P4H
test-4684.png,P4H
test-3145.png,P4H
test-2669.png,P4H
test-2944.png,P4H
test-801.png,P4H
test-4465.png,P4H
test-3607.png,P4H
test-2553.png,P4H
test-3521.png,P4H
test-1616.png,P4H
test-888.png,P4H
test-933.png,P4H
test-2354.png,P4H
test-2042.png,P4H
test-921.png,P4H
test-3049.png,P4H
test-568.png,P4H
test-1233.png,P4H
test-1711.png,P4H
test-1779.png,P4H
test-2444.png,P4H
test-2182.png,P4H
test-3809.png,P4H
test-3435.png,P4H
test-4501.png,P4H
test-1769.png,P4H
test-2876.png,P4H
test-3113.png,P4H
test-521.png,P4H
test-4613.png,P4H
test-4686.png,P4H
test-2439.png,P4H
test-1696.png,P4H
test-363.png,P4H
test-3778.png,P4H
test-3088.png,P4H
test-287.png,P4H
test-3073.png,P4H
test-1809.png,P4H
test-1034.png,P4H
test-2371.png,P4H
test-1076.png,P4H
test-1207.png,P4H
test-3497.png,P4H
test-153.png,P4H
test-2095.png,P4H
test-1144.png,P4H
test-381.png,P4H
test-3419.png,P4H
test-4567.png,P4H
test-313.png,P4H
test-2254.png,P4H
test-3622.png,P4H
test-3148.png,P4H
test-1507.png,P4H
test-3643.png,P4H
test-1812.png,P4H
test-48.png,P4H
test-788.png,P4H
test-3953.png,P4H
test-4791.png,P4H
test-4301.png,P4H
test-2502.png,P4H
test-861.png,P4H
test-1484.png,P4H
test-3646.png,P4H
test-2960.png,P4H
test-600.png,P4H
test-1088.png,P4H
test-1663.png,P4H
test-1942.png,P4H
test-1636.png,P4H
test-4093.png,P4H
test-2489.png,P4H
test-1495.png,P4H
test-1472.png,P4H
test-1732.png,P4H
test-1610.png,P4H
test-704.png,P4H
test-1910.png,P4H
test-2798.png,P4H
test-647.png,P4H
test-3824.png,P4H
test-1825.png,P4H
test-3664.png,P4H
test-3606.png,P4H
test-2077.png,P4H
test-4943.png,P4H
test-4654.png,P4H
test-4204.png,P4H
test-3942.png,P4H
test-2616.png,P4H
test-4922.png,P4H
test-1051.png,P4H
test-3397.png,P4H
test-3572.png,P4H
test-490.png,P4H
test-4545.png,P4H
test-4776.png,P4H
test-245.png,P4H
test-3681.png,P4H
test-4993.png,P4H
test-10.png,P4H
test-840.png,P4H
test-3445.png,P4H
test-2542.png,P4H
test-3251.png,P4H
test-611.png,P4H
test-4647.png,P4H
test-496.png,P4H
test-1980.png,P4H
test-3282.png,P4H
test-2432.png,P4H
test-4999.png,P4H
test-1731.png,P4H
test-3928.png,P4H
test-315.png,P4H
test-60.png,P4H
test-3934.png,P4H
test-1192.png,P4H
test-584.png,P4H
test-4822.png,P4H
test-4018.png,P4H
test-104.png,P4H
test-3491.png,P4H
test-1907.png,P4H
test-1256.png,P4H
test-892.png,P4H
test-634.png,P4H
test-3588.png,P4H
test-4868.png,P4H
test-1880.png,P4H
test-1694.png,P4H
test-1388.png,P4H
test-4415.png,P4H
test-579.png,P4H
test-2752.png,P4H
test-3196.png,P4H
test-2270.png,P4H
test-486.png,P4H
test-3318.png,P4H
test-342.png,P4H
test-2355.png,P4H
test-1249.png,P4H
test-398.png,P4H
test-3570.png,P4H
test-1450.png,P4H
test-964.png,P4H
test-2691.png,P4H
test-3539.png,P4H
test-4808.png,P4H
test-1813.png,P4H
test-3560.png,P4H
test-4658.png,P4H
test-4090.png,P4H
test-3944.png,P4H
test-3424.png,P4H
test-2914.png,P4H
test-4404.png,P4H
test-2016.png,P4H
test-2345.png,P4H
test-1445.png,P4H
test-4730.png,P4H
test-969.png,P4H
test-3051.png,P4H
test-1808.png,P4H
test-3907.png,P4H
test-1897.png,P4H
test-350.png,P4H
test-4715.png,P4H
test-4894.png,P4H
test-1193.png,P4H
test-2526.png,P4H
test-1014.png,P4H
test-190.png,P4H
test-2005.png,P4H
test-3480.png,P4H
test-3157.png,P4H
test-2537.png,P4H
test-4111.png,P4H
test-3955.png,P4H
test-1265.png,P4H
test-1178.png,P4H
test-188.png,P4H
test-4590.png,P4H
test-4267.png,P4H
test-2907.png,P4H
test-4780.png,P4H
test-4164.png,P4H
test-3866.png,P4H
test-3735.png,P4H
test-4901.png,P4H
test-1326.png,P4H
test-3227.png,P4H
test-2255.png,P4H
test-3749.png,P4H
test-356.png,P4H
test-2064.png,P4H
test-2853.png,P4H
test-4986.png,P4H
test-2869.png,P4H
test-507.png,P4H
test-1068.png,P4H
test-4139.png,P4H
test-4880.png,P4H
test-621.png,P4H
test-2477.png,P4H
test-288.png,P4H
test-1234.png,P4H
test-1161.png,P4H
test-2701.png,P4H
test-3545.png,P4H
test-3057.png,P4H
test-1631.png,P4H
test-81.png,P4H
test-4783.png,P4H
test-1042.png,P4H
test-20.png,P4H
test-2469.png,P4H
test-330.png,P4H
test-2700.png,P4H
test-4262.png,P4H
test-4207.png,P4H
test-3186.png,P4H
test-1045.png,P4H
test-3268.png,P4H
test-1740.png,P4H
test-2556.png,P4H
test-4594.png,P4H
test-1998.png,P4H
test-22.png,P4H
test-1142.png,P4H
test-2116.png,P4H
test-2881.png,P4H
test-1108.png,P4H
test-1037.png,P4H
test-2729.png,P4H
test-2393.png,P4H
test-307.png,P4H
test-3527.png,P4H
test-2816.png,P4H
test-4199.png,P4H
test-4810.png,P4H
test-393.png,P4H
test-3639.png,P4H
test-2308.png,P4H
test-3647.png,P4H
test-4377.png,P4H
test-2229.png,P4H
test-2566.png,P4H
test-4878.png,P4H
test-228.png,P4H
test-4485.png,P4H
test-2973.png,P4H
test-2012.png,P4H
test-1173.png,P4H
test-4171.png,P4H
test-2083.png,P4H
test-509.png,P4H
test-3195.png,P4H
test-1625.png,P4H
test-4444.png,P4H
test-673.png,P4H
test-1357.png,P4H
test-4340.png,P4H
test-1891.png,P4H
test-3520.png,P4H
test-3035.png,P4H
test-1271.png,P4H
test-4395.png,P4H
test-201.png,P4H
test-4307.png,P4H
test-2629.png,P4H
test-408.png,P4H
test-2239.png,P4H
test-4259.png,P4H
test-2606.png,P4H
test-433.png,P4H
test-4874.png,P4H
test-1120.png,P4H
test-2703.png,P4H
test-2682.png,P4H
test-4739.png,P4H
test-4288.png,P4H
test-2531.png,P4H
test-3888.png,P4H
test-4410.png,P4H
test-2940.png,P4H
test-694.png,P4H
test-430.png,P4H
test-2680.png,P4H
test-2214.png,P4H
test-2211.png,P4H
test-4357.png,P4H
test-1513.png,P4H
test-3118.png,P4H
test-3239.png,P4H
test-696.png,P4H
test-4339.png,P4H
test-3632.png,P4H
test-150.png,P4H
test-3991.png,P4H
test-1866.png,P4H
test-4800.png,P4H
test-1787.png,P4H
test-1510.png,P4H
test-880.png,P4H
test-596.png,P4H
test-2877.png,P4H
test-3854.png,P4H
test-3638.png,P4H
test-4660.png,P4H
test-89.png,P4H
test-3371.png,P4H
test-2431.png,P4H
test-1905.png,P4H
test-4811.png,P4H
test-661.png,P4H
test-4563.png,P4H
test-2538.png,P4H
test-3754.png,P4H
test-2091.png,P4H
test-4245.png,P4H
test-2699.png,P4H
test-3479.png,P4H
test-4508.png,P4H
test-2459.png,P4H
test-2253.png,P4H
test-3756.png,P4H
test-2011.png,P4H
test-3038.png,P4H
test-990.png,P4H
test-2658.png,P4H
test-2237.png,P4H
test-831.png,P4H
test-194.png,P4H
test-4525.png,P4H
test-269.png,P4H
test-4352.png,P4H
test-2739.png,P4H
test-4853.png,P4H
test-2105.png,P4H
test-4598.png,P4H
test-2774.png,P4H
test-3229.png,P4H
test-4908.png,P4H
test-3816.png,P4H
test-2275.png,P4H
test-4690.png,P4H
test-370.png,P4H
test-3605.png,P4H
test-1017.png,P4H
test-1706.png,P4H
test-4711.png,P4H
test-4185.png,P4H
test-2633.png,P4H
test-4604.png,P4H
test-1744.png,P4H
test-4569.png,P4H
test-4889.png,P4H
test-2341.png,P4H
test-4443.png,P4H
test-1431.png,P4H
test-2358.png,P4H
test-1894.png,P4H
test-1390.png,P4H
test-2326.png,P4H
test-3029.png,P4H
test-1771.png,P4H
test-3473.png,P4H
test-4116.png,P4H
test-2587.png,P4H
test-231.png,P4H
test-4179.png,P4H
test-1286.png,P4H
test-4236.png,P4H
test-152.png,P4H
test-3631.png,P4H
test-4360.png,P4H
test-2185.png,P4H
test-1569.png,P4H
test-2540.png,P4H
test-3557.png,P4H
test-2376.png,P4H
test-1886.png,P4H
test-1970.png,P4H
test-1482.png,P4H
test-4300.png,P4H
test-3747.png,P4H
test-4008.png,P4H
test-3272.png,P4H
test-1342.png,P4H
test-444.png,P4H
test-308.png,P4H
test-3855.png,P4H
test-4698.png,P4H
test-4757.png,P4H
test-2230.png,P4H
test-4371.png,P4H
test-3470.png,P4H
test-1570.png,P4H
test-978.png,P4H
test-4554.png,P4H
test-198.png,P4H
test-1140.png,P4H
test-3884.png,P4H
test-466.png,P4H
test-4932.png,P4H
test-1617.png,P4H
test-572.png,P4H
test-1360.png,P4H
test-3487.png,P4H
test-4205.png,P4H
test-4073.png,P4H
test-267.png,P4H
test-874.png,P4H
test-2698.png,P4H
test-4425.png,P4H
test-3002.png,P4H
test-4504.png,P4H
test-4022.png,P4H
test-1169.png,P4H
test-2958.png,P4H
test-690.png,P4H
test-4299.png,P4H
test-1334.png,P4H
test-792.png,P4H
test-4566.png,P4H
test-2832.png,P4H
test-2367.png,P4H
test-4553.png,P4H
test-2867.png,P4H
test-3428.png,P4H
test-2186.png,P4H
test-2845.png,P4H
test-3675.png,P4H
test-140.png,P4H
test-2964.png,P4H
test-371.png,P4H
test-4365.png,P4H
test-275.png,P4H
test-4325.png,P4H
test-4314.png,P4H
test-4351.png,P4H
test-3014.png,P4H
test-1903.png,P4H
test-2912.png,P4H
test-4057.png,P4H
test-3737.png,P4H
test-512.png,P4H
test-4529.png,P4H
test-96.png,P4H
test-1050.png,P4H
test-1422.png,P4H
test-4681.png,P4H
test-2027.png,P4H
test-3583.png,P4H
test-1276.png,P4H
test-413.png,P4H
test-349.png,P4H
test-4876.png,P4H
test-3055.png,P4H
test-4575.png,P4H
test-766.png,P4H
test-742.png,P4H
test-4225.png,P4H
test-1401.png,P4H
test-2664.png,P4H
test-1916.png,P4H
test-3931.png,P4H
test-4526.png,P4H
test-4019.png,P4H
test-4263.png,P4H
test-2122.png,P4H
test-2972.png,P4H
test-83.png,P4H
test-2642.png,P4H
test-1470.png,P4H
test-3154.png,P4H
test-4959.png,P4H
test-4608.png,P4H
test-3833.png,P4H
test-3381.png,P4H
test-4087.png,P4H
test-4162.png,P4H
test-1101.png,P4H
test-1301.png,P4H
test-1972.png,P4H
test-4898.png,P4H
test-3412.png,P4H
test-4573.png,P4H
test-259.png,P4H
test-622.png,P4H
test-2719.png,P4H
test-2006.png,P4H
test-2525.png,P4H
test-77.png,P4H
test-44.png,P4H
test-3459.png,P4H
test-784.png,P4H
test-652.png,P4H
test-3069.png,P4H
test-932.png,P4H
test-2200.png,P4H
test-848.png,P4H
test-4048.png,P4H
test-1939.png,P4H
test-351.png,P4H
test-1535.png,P4H
test-2285.png,P4H
test-3295.png,P4H
test-3834.png,P4H
test-3339.png,P4H
test-3830.png,P4H
test-4723.png,P4H
test-118.png,P4H
test-4928.png,P4H
test-3356.png,P4H
test-260.png,P4H
test-2617.png,P4H
test-1486.png,P4H
test-3510.png,P4H
test-776.png,P4H
test-3351.png,P4H
test-1116.png,P4H
test-136.png,P4H
test-2192.png,P4H
test-3745.png,P4H
test-1865.png,P4H
test-3623.png,P4H
test-4373.png,P4H
test-3129.png,P4H
test-4924.png,P4H
test-4597.png,P4H
test-2446.png,P4H
test-1850.png,P4H
test-2904.png,P4H
test-3485.png,P4H
test-1864.png,P4H
test-2324.png,P4H
test-179.png,P4H
test-4877.png,P4H
test-4624.png,P4H
test-4026.png,P4H
test-71.png,P4H
test-220.png,P4H
test-526.png,P4H
test-237.png,P4H
test-2801.png,P4H
test-2167.png,P4H
test-2019.png,P4H
test-1085.png,P4H
test-1675.png,P4H
test-3558.png,P4H
test-4364.png,P4H
test-2607.png,P4H
test-4652.png,P4H
test-91.png,P4H
test-4611.png,P4H
test-3516.png,P4H
test-4670.png,P4H
test-3542.png,P4H
test-2925.png,P4H
test-2805.png,P4H
test-887.png,P4H
test-1804.png,P4H
test-846.png,P4H
test-1909.png,P4H
test-2851.png,P4H
test-1800.png,P4H
test-3390.png,P4H
test-1279.png,P4H
test-1963.png,P4H
test-1853.png,P4H
test-3283.png,P4H
test-3819.png,P4H
test-4031.png,P4H
test-4459.png,P4H
test-29.png,P4H
test-1214.png,P4H
test-4420.png,P4H
test-4466.png,P4H
test-499.png,P4H
test-1201.png,P4H
test-4579.png,P4H
test-4746.png,P4H
test-1814.png,P4H
test-2676.png,P4H
test-760.png,P4H
test-4543.png,P4H
test-1024.png,P4H
test-4327.png,P4H
test-1157.png,P4H
test-2454.png,P4H
test-1404.png,P4H
test-2234.png,P4H
test-2671.png,P4H
test-4479.png,P4H
test-2721.png,P4H
test-3336.png,P4H
test-1593.png,P4H
test-778.png,P4H
test-1637.png,P4H
test-720.png,P4H
test-2580.png,P4H
test-2213.png,P4H
test-2059.png,P4H
test-4037.png,P4H
test-87.png,P4H
test-4059.png,P4H
test-3566.png,P4H
test-3122.png,P4H
test-675.png,P4H
test-2025.png,P4H
test-3417.png,P4H
test-2398.png,P4H
test-3654.png,P4H
test-3677.png,P4H
test-2874.png,P4H
test-1176.png,P4H
test-2430.png,P4H
test-4855.png,P4H
test-368.png,P4H
test-4266.png,P4H
test-3732.png,P4H
test-2394.png,P4H
test-2825.png,P4H
test-2842.png,P4H
test-1446.png,P4H
test-19.png,P4H
test-2361.png,P4H
test-593.png,P4H
test-1611.png,P4H
test-4308.png,P4H
test-1424.png,P4H
test-2562.png,P4H
test-4450.png,P4H
test-1581.png,P4H
test-2517.png,P4H
test-2987.png,P4H
test-813.png,P4H
test-4449.png,P4H
test-2411.png,P4H
test-121.png,P4H
test-3972.png,P4H
test-453.png,P4H
test-1187.png,P4H
test-4361.png,P4H
test-2222.png,P4H
test-551.png,P4H
test-1477.png,P4H
test-3078.png,P4H
test-225.png,P4H
test-4028.png,P4H
test-1607.png,P4H
test-3776.png,P4H
test-1840.png,P4H
test-4687.png,P4H
test-445.png,P4H
test-4265.png,P4H
test-2241.png,P4H
test-3062.png,P4H
test-1849.png,P4H
test-4192.png,P4H
test-306.png,P4H
test-1961.png,P4H
test-1536.png,P4H
test-167.png,P4H
test-883.png,P4H
test-1487.png,P4H
test-3347.png,P4H
test-3895.png,P4H
test-1319.png,P4H
test-1719.png,P4H
test-980.png,P4H
test-447.png,P4H
test-142.png,P4H
test-3724.png,P4H
test-2660.png,P4H
test-4551.png,P4H
test-4347.png,P4H
test-1447.png,P4H
test-1623.png,P4H
test-1810.png,P4H
test-1129.png,P4H
test-4454.png,P4H
test-4290.png,P4H
test-2678.png,P4H
test-4372.png,P4H
test-3815.png,P4H
test-1622.png,P4H
test-1361.png,P4H
test-1499.png,P4H
test-605.png,P4H
test-4861.png,P4H
test-4607.png,P4H
test-2883.png,P4H
test-3467.png,P4H
test-3906.png,P4H
test-2548.png,P4H
test-1210.png,P4H
test-2218.png,P4H
test-2228.png,P4H
test-4644.png,P4H
test-2909.png,P4H
test-2654.png,P4H
test-4678.png,P4H
test-517.png,P4H
test-1335.png,P4H
test-319.png,P4H
test-4542.png,P4H
test-4582.png,P4H
test-2815.png,P4H
test-399.png,P4H
test-4117.png,P4H
test-2603.png,P4H
test-3226.png,P4H
test-362.png,P4H
test-1294.png,P4H
test-4291.png,P4H
test-2024.png,P4H
test-3909.png,P4H
test-2637.png,P4H
test-4669.png,P4H
test-4951.png,P4H
test-2928.png,P4H
test-847.png,P4H
test-741.png,P4H
test-1244.png,P4H
test-2366.png,P4H
test-4475.png,P4H
test-3512.png,P4H
test-3346.png,P4H
test-3755.png,P4H
test-2800.png,P4H
test-4872.png,P4H
test-1327.png,P4H
test-3788.png,P4H
test-1018.png,P4H
test-1748.png,P4H
test-3335.png,P4H
test-3722.png,P4H
test-3669.png,P4H
test-2787.png,P4H
test-3817.png,P4H
test-663.png,P4H
test-592.png,P4H
test-242.png,P4H
test-248.png,P4H
test-1337.png,P4H
test-3576.png,P4H
test-2793.png,P4H
test-3452.png,P4H
test-2442.png,P4H
test-369.png,P4H
test-1182.png,P4H
test-4446.png,P4H
test-3897.png,P4H
test-1884.png,P4H
test-4935.png,P4H
test-4217.png,P4H
test-1310.png,P4H
test-768.png,P4H
test-3306.png,P4H
test-4386.png,P4H
test-3101.png,P4H
test-821.png,P4H
test-686.png,P4H
test-904.png,P4H
test-868.png,P4H
test-2365.png,P4H
test-959.png,P4H
test-2177.png,P4H
test-2268.png,P4H
test-2704.png,P4H
test-154.png,P4H
test-3206.png,P4H
test-236.png,P4H
test-1105.png,P4H
test-3769.png,P4H
test-2113.png,P4H
test-4869.png,P4H
test-1368.png,P4H
test-744.png,P4H
test-902.png,P4H
test-4414.png,P4H
test-2401.png,P4H
test-2865.png,P4H
test-2225.png,P4H
test-1493.png,P4H
test-1633.png,P4H
test-1930.png,P4H
test-3818.png,P4H
test-3155.png,P4H
test-3075.png,P4H
test-1414.png,P4H
test-660.png,P4H
test-417.png,P4H
test-1746.png,P4H
test-571.png,P4H
test-3808.png,P4H
test-1215.png,P4H
test-1153.png,P4H
test-3274.png,P4H
test-4004.png,P4H
test-3829.png,P4H
test-793.png,P4H
test-384.png,P4H
test-4970.png,P4H
test-4633.png,P4H
test-3870.png,P4H
test-586.png,P4H
test-2283.png,P4H
test-4121.png,P4H
test-1951.png,P4H
test-2248.png,P4H
test-1325.png,P4H
test-3309.png,P4H
test-2028.png,P4H
test-4947.png,P4H
test-4044.png,P4H
test-206.png,P4H
test-659.png,P4H
test-3170.png,P4H
test-3420.png,P4H
test-4906.png,P4H
test-1559.png,P4H
test-414.png,P4H
test-1723.png,P4H
test-3704.png,P4H
test-3108.png,P4H
test-2635.png,P4H
test-830.png,P4H
test-2210.png,P4H
test-2487.png,P4H
test-57.png,P4H
test-1660.png,P4H
test-3086.png,P4H
test-4614.png,P4H
test-3260.png,P4H
test-23.png,P4H
test-4106.png,P4H
test-688.png,P4H
test-2918.png,P4H
test-2775.png,P4H
test-4930.png,P4H
test-1885.png,P4H
test-4292.png,P4H
test-478.png,P4H
test-717.png,P4H
test-595.png,P4H
test-1844.png,P4H
test-3967.png,P4H
test-475.png,P4H
test-4581.png,P4H
test-4559.png,P4H
test-4840.png,P4H
test-2449.png,P4H
test-4161.png,P4H
test-2850.png,P4H
test-3849.png,P4H
test-2102.png,P4H
test-2838.png,P4H
test-2137.png,P4H
test-2856.png,P4H
test-2284.png,P4H
test-1246.png,P4H
test-182.png,P4H
test-1033.png,P4H
test-3998.png,P4H
test-2346.png,P4H
test-1303.png,P4H
test-2023.png,P4H
test-4802.png,P4H
test-1882.png,P4H
test-2295.png,P4H
test-618.png,P4H
test-1753.png,P4H
test-3543.png,P4H
test-3751.png,P4H
test-1679.png,P4H
test-1626.png,P4H
test-1383.png,P4H
test-654.png,P4H
test-2579.png,P4H
test-4831.png,P4H
test-4051.png,P4H
test-4744.png,P4H
test-1032.png,P4H
test-4586.png,P4H
test-3883.png,P4H
test-2582.png,P4H
test-66.png,P4H
test-1900.png,P4H
test-1058.png,P4H
test-1263.png,P4H
test-2478.png,P4H
test-2529.png,P4H
test-3589.png,P4H
test-2527.png,P4H
test-1332.png,P4H
test-1911.png,P4H
test-4418.png,P4H
test-3385.png,P4H
test-781.png,P4H
test-2062.png,P4H
test-3106.png,P4H
test-3298.png,P4H
test-3963.png,P4H
test-3290.png,P4H
test-4538.png,P4H
test-628.png,P4H
test-4356.png,P4H
test-3469.png,P4H
test-3876.png,P4H
test-3165.png,P4H
test-1442.png,P4H
test-3187.png,P4H
test-2555.png,P4H
test-3920.png,P4H
test-3507.png,P4H
test-4578.png,P4H
test-2199.png,P4H
test-1728.png,P4H
test-1481.png,P4H
test-4520.png,P4H
test-3066.png,P4H
test-3950.png,P4H
test-271.png,P4H
test-4467.png,P4H
test-2467.png,P4H
test-4838.png,P4H
test-3526.png,P4H
test-2396.png,P4H
test-1464.png,P4H
test-2100.png,P4H
test-3741.png,P4H
test-4064.png,P4H
test-2368.png,P4H
test-3448.png,P4H
test-4063.png,P4H
test-3733.png,P4H
test-4378.png,P4H
test-3252.png,P4H
test-439.png,P4H
test-4183.png,P4H
test-2522.png,P4H
test-3097.png,P4H
test-637.png,P4H
test-4716.png,P4H
test-3052.png,P4H
test-814.png,P4H
test-2175.png,P4H
test-3090.png,P4H
test-3761.png,P4H
test-2391.png,P4H
test-2910.png,P4H
test-3465.png,P4H
test-4653.png,P4H
test-3780.png,P4H
test-395.png,P4H
test-981.png,P4H
test-1174.png,P4H
test-2407.png,P4H
test-583.png,P4H
test-2359.png,P4H
test-3787.png,P4H
test-1438.png,P4H
test-1441.png,P4H
test-3912.png,P4H
test-1613.png,P4H
test-522.png,P4H
test-1629.png,P4H
test-3970.png,P4H
test-134.png,P4H
test-3215.png,P4H
test-4153.png,P4H
test-3380.png,P4H
test-3954.png,P4H
test-4188.png,P4H
test-3125.png,P4H
test-2197.png,P4H
test-3601.png,P4H
test-1408.png,P4H
test-3744.png,P4H
test-1181.png,P4H
test-3138.png,P4H
test-1317.png,P4H
test-1046.png,P4H
test-4848.png,P4H
test-3237.png,P4H
test-264.png,P4H
test-3488.png,P4H
test-2259.png,P4H
test-2491.png,P4H
test-254.png,P4H
test-2072.png,P4H
test-2948.png,P4H
test-710.png,P4H
test-2227.png,P4H
test-3850.png,P4H
test-3112.png,P4H
test-3146.png,P4H
test-2313.png,P4H
test-2107.png,P4H
test-748.png,P4H
test-2830.png,P4H
test-546.png,P4H
test-1075.png,P4H
test-2480.png,P4H
test-1816.png,P4H
test-1312.png,P4H
test-3775.png,P4H
test-1993.png,P4H
test-4641.png,P4H
test-4847.png,P4H
test-772.png,P4H
test-2311.png,P4H
test-732.png,P4H
test-1480.png,P4H
test-713.png,P4H
test-4650.png,P4H
test-3365.png,P4H
test-355.png,P4H
test-9.png,P4H
test-1595.png,P4H
test-2412.png,P4H
test-4085.png,P4H
test-3345.png,P4H
test-3432.png,P4H
test-1039.png,P4H
test-896.png,P4H
test-3366.png,P4H
test-2974.png,P4H
test-4039.png,P4H
test-1260.png,P4H
test-4704.png,P4H
test-1372.png,P4H
test-4493.png,P4H
test-3659.png,P4H
test-2662.png,P4H
test-2870.png,P4H
test-728.png,P4H
test-3441.png,P4H
test-786.png,P4H
test-3575.png,P4H
test-2735.png,P4H
test-4320.png,P4H
test-92.png,P4H
test-594.png,P4H
test-3974.png,P4H
test-195.png,P4H
test-1657.png,P4H
test-2804.png,P4H
test-1245.png,P4H
test-1145.png,P4H
test-1375.png,P4H
test-1790.png,P4H
test-2819.png,P4H
test-3100.png,P4H
test-2000.png,P4H
test-1267.png,P4H
test-4795.png,P4H
test-1670.png,P4H
test-1397.png,P4H
test-1505.png,P4H
test-2053.png,P4H
test-2886.png,P4H
test-716.png,P4H
test-1846.png,P4H
test-1904.png,P4H
test-17.png,P4H
test-3577.png,P4H
test-1733.png,P4H
test-3403.png,P4H
test-1128.png,P4H
test-4178.png,P4H
test-2544.png,P4H
test-4344.png,P4H
test-1093.png,P4H
test-3917.png,P4H
test-4452.png,P4H
test-575.png,P4H
test-1405.png,P4H
test-510.png,P4H
test-4576.png,P4H
test-3927.png,P4H
test-2457.png,P4H
test-1666.png,P4H
test-3375.png,P4H
test-232.png,P4H
test-1522.png,P4H
test-2112.png,P4H
test-4331.png,P4H
test-4056.png,P4H
test-3223.png,P4H
test-1556.png,P4H
test-4229.png,P4H
test-4956.png,P4H
test-3904.png,P4H
test-4936.png,P4H
test-806.png,P4H
test-2299.png,P4H
test-3796.png,P4H
test-3658.png,P4H
test-4705.png,P4H
test-1975.png,P4H
test-956.png,P4H
test-1741.png,P4H
test-1739.png,P4H
test-3530.png,P4H
test-2438.png,P4H
test-2154.png,P4H
test-4021.png,P4H
test-4732.png,P4H
test-689.png,P4H
test-4630.png,P4H
test-4060.png,P4H
test-809.png,P4H
test-122.png,P4H
test-272.png,P4H
test-281.png,P4H
test-4258.png,P4H
test-1137.png,P4H
test-949.png,P4H
test-900.png,P4H
test-4323.png,P4H
test-4436.png,P4H
test-78.png,P4H
test-2666.png,P4H
test-4346.png,P4H
test-3772.png,P4H
test-632.png,P4H
test-2839.png,P4H
test-865.png,P4H
test-2612.png,P4H
test-2812.png,P4H
test-4434.png,P4H
test-2426.png,P4H
test-1962.png,P4H
test-2687.png,P4H
test-789.png,P4H
test-2713.png,P4H
test-4484.png,P4H
test-1567.png,P4H
test-665.png,P4H
test-163.png,P4H
test-2541.png,P4H
test-1538.png,P4H
test-171.png,P4H
test-3387.png,P4H
test-4531.png,P4H
test-4708.png,P4H
test-2388.png,P4H
test-4276.png,P4H
test-916.png,P4H
test-4977.png,P4H
test-1307.png,P4H
test-2070.png,P4H
test-3255.png,P4H
test-797.png,P4H
test-4503.png,P4H
test-3534.png,P4H
test-4040.png,P4H
test-4793.png,P4H
test-960.png,P4H
test-503.png,P4H
test-4196.png,P4H
test-557.png,P4H
test-1473.png,P4H
test-1000.png,P4H
test-3411.png,P4H
test-4089.png,P4H
test-1547.png,P4H
test-2831.png,P4H
test-828.png,P4H
test-4631.png,P4H
test-297.png,P4H
test-373.png,P4H
test-4480.png,P4H
test-3372.png,P4H
test-1977.png,P4H
test-4201.png,P4H
test-4173.png,P4H
test-4136.png,P4H
test-770.png,P4H
test-437.png,P4H
test-1988.png,P4H
test-3294.png,P4H
test-2246.png,P4H
test-604.png,P4H
test-4025.png,P4H
test-2733.png,P4H
test-1366.png,P4H
test-803.png,P4H
test-1027.png,P4H
test-3192.png,P4H
test-3587.png,P4H
test-3564.png,P4H
test-2590.png,P4H
test-1011.png,P4H
test-4595.png,P4H
test-2648.png,P4H
test-2599.png,P4H
test-1250.png,P4H
test-4423.png,P4H
test-1255.png,P4H
test-2592.png,P4H
test-2499.png,P4H
test-3595.png,P4H
test-2151.png,P4H
test-2741.png,P4H
test-64.png,P4H
test-1797.png,P4H
test-1012.png,P4H
test-441.png,P4H
test-4486.png,P4H
test-1412.png,P4H
test-4172.png,P4H
test-3178.png,P4H
test-4169.png,P4H
test-3143.png,P4H
test-1.png,P4H
test-4886.png,P4H
test-1229.png,P4H
test-3281.png,P4H
test-578.png,P4H
test-3691.png,P4H
test-4209.png,P4H
test-2379.png,P4H
test-1543.png,P4H
test-4439.png,P4H
test-4914.png,P4H
test-3263.png,P4H
test-1684.png,P4H
test-3289.png,P4H
test-1237.png,P4H
test-55.png,P4H
test-3701.png,P4H
test-2794.png,P4H
test-3216.png,P4H
test-1995.png,P4H
test-3369.png,P4H
test-252.png,P4H
test-3349.png,P4H
test-2194.png,P4H
test-2714.png,P4H
test-4693.png,P4H
test-3328.png,P4H
test-62.png,P4H
test-3015.png,P4H
test-3338.png,P4H
test-2252.png,P4H
test-1650.png,P4H
test-2221.png,P4H
test-4098.png,P4H
test-2969.png,P4H
test-1471.png,P4H
test-4927.png,P4H
test-943.png,P4H
test-1839.png,P4H
test-3969.png,P4H
test-860.png,P4H
test-3464.png,P4H
test-4388.png,P4H
test-2939.png,P4H
test-1768.png,P4H
test-591.png,P4H
test-4186.png,P4H
test-1196.png,P4H
test-4881.png,P4H
test-266.png,P4H
test-4785.png,P4H
test-2878.png,P4H
test-3814.png,P4H
test-2811.png,P4H
test-3217.png,P4H
test-1562.png,P4H
test-2608.png,P4H
test-705.png,P4H
test-664.png,P4H
test-3618.png,P4H
test-3674.png,P4H
test-4311.png,P4H
test-181.png,P4H
test-2956.png,P4H
test-379.png,P4H
test-1673.png,P4H
test-1842.png,P4H
test-4735.png,P4H
test-2927.png,P4H
test-49.png,P4H
test-2201.png,P4H
test-4393.png,P4H
test-2461.png,P4H
test-805.png,P4H
test-514.png,P4H
test-4297.png,P4H
test-3376.png,P4H
test-2947.png,P4H
test-2609.png,P4H
test-2408.png,P4H
test-3807.png,P4H
test-2549.png,P4H
test-1122.png,P4H
test-4084.png,P4H
test-2802.png,P4H
test-4635.png,P4H
test-4244.png,P4H
test-3011.png,P4H
test-1430.png,P4H
test-3141.png,P4H
test-3277.png,P4H
test-3871.png,P4H
test-1826.png,P4H
test-599.png,P4H
test-67.png,P4H
test-544.png,P4H
test-2041.png,P4H
test-2820.png,P4H
test-2690.png,P4H
test-300.png,P4H
test-378.png,P4H
test-4281.png,P4H
test-1542.png,P4H
test-3634.png,P4H
test-2621.png,P4H
test-4163.png,P4H
test-4769.png,P4H
test-4830.png,P4H
test-3219.png,P4H
test-2316.png,P4H
test-3037.png,P4H
test-4343.png,P4H
test-1083.png,P4H
test-483.png,P4H
test-3698.png,P4H
test-1029.png,P4H
test-3012.png,P4H
test-775.png,P4H
test-3716.png,P4H
test-3823.png,P4H
test-4642.png,P4H
test-302.png,P4H
test-1699.png,P4H
test-3880.png,P4H
test-3389.png,P4H
test-1443.png,P4H
test-2903.png,P4H
test-4546.png,P4H
test-2336.png,P4H
test-1228.png,P4H
test-3477.png,P4H
test-1986.png,P4H
test-2231.png,P4H
test-4765.png,P4H
test-1544.png,P4H
test-2414.png,P4H
test-3431.png,P4H
test-4854.png,P4H
test-455.png,P4H
test-72.png,P4H
test-0.png,P4H
test-2963.png,P4H
test-1109.png,P4H
test-4911.png,P4H
test-219.png,P4H
test-1888.png,P4H
test-2090.png,P4H
test-3506.png,P4H
test-3163.png,P4H
test-1726.png,P4H
test-4036.png,P4H
test-4243.png,P4H
test-1965.png,P4H
test-2692.png,P4H
test-4099.png,P4H
test-3025.png,P4H
test-873.png,P4H
test-4850.png,P4H
test-4092.png,P4H
test-3711.png,P4H
test-4497.png,P4H
test-4332.png,P4H
test-4857.png,P4H
test-4675.png,P4H
test-1483.png,P4H
test-200.png,P4H
test-2659.png,P4H
test-986.png,P4H
test-1653.png,P4H
test-543.png,P4H
test-1801.png,P4H
test-2378.png,P4H
test-4400.png,P4H
test-3992.png,P4H
test-4662.png,P4H
test-7.png,P4H
test-76.png,P4H
test-316.png,P4H
test-69.png,P4H
test-1314.png,P4H
test-4213.png,P4H
test-1727.png,P4H
test-3394.png,P4H
test-3742.png,P4H
test-4494.png,P4H
test-1933.png,P4H
test-3235.png,P4H
test-229.png,P4H
test-1149.png,P4H
test-3935.png,P4H
test-4482.png,P4H
test-1668.png,P4H
test-1763.png,P4H
test-1458.png,P4H
test-4100.png,P4H
test-464.png,P4H
test-1641.png,P4H
test-1054.png,P4H
test-4293.png,P4H
test-3437.png,P4H
test-1127.png,P4H
test-4736.png,P4H
test-1162.png,P4H
test-3158.png,P4H
test-12.png,P4H
test-1216.png,P4H
test-3250.png,P4H
test-298.png,P4H
test-640.png,P4H
test-4989.png,P4H
test-3482.png,P4H
test-3799.png,P4H
test-2935.png,P4H
test-4565.png,P4H
test-3734.png,P4H
test-590.png,P4H
test-4002.png,P4H
test-548.png,P4H
test-4827.png,P4H
test-771.png,P4H
test-1398.png,P4H
test-827.png,P4H
test-4126.png,P4H
test-3760.png,P4H
test-1073.png,P4H
test-1578.png,P4H
test-1742.png,P4H
test-2240.png,P4H
test-3706.png,P4H
test-4672.png,P4H
test-3671.png,P4H
test-2501.png,P4H
test-2226.png,P4H
test-2584.png,P4H
test-3635.png,P4H
test-3615.png,P4H
test-1899.png,P4H
test-3173.png,P4H
test-2723.png,P4H
test-4177.png,P4H
test-3717.png,P4H
test-145.png,P4H
test-2320.png,P4H
test-1532.png,P4H
test-3330.png,P4H
test-353.png,P4H
test-1936.png,P4H
test-1411.png,P4H
test-1994.png,P4H
test-2895.png,P4H
test-3938.png,P4H
test-1750.png,P4H
test-420.png,P4H
test-2515.png,P4H
test-570.png,P4H
test-765.png,P4H
test-1908.png,P4H
test-4223.png,P4H
test-907.png,P4H
test-2232.png,P4H
test-2463.png,P4H
test-1035.png,P4H
test-4241.png,P4H
test-1555.png,P4H
test-1838.png,P4H
test-2280.png,P4H
test-2756.png,P4H
test-2813.png,P4H
test-1098.png,P4H
test-4481.png,P4H
test-2575.png,P4H
test-347.png,P4H
test-4250.png,P4H
test-79.png,P4H
test-273.png,P4H
test-4984.png,P4H
test-676.png,P4H
test-1561.png,P4H
test-2419.png,P4H
test-1959.png,P4H
test-3169.png,P4H
test-132.png,P4H
test-4818.png,P4H
test-1241.png,P4H
test-3984.png,P4H
test-4523.png,P4H
test-4433.png,P4H
test-2044.png,P4H
test-4727.png,P4H
test-1794.png,P4H
test-1588.png,P4H
test-2511.png,P4H
test-1100.png,P4H
test-3813.png,P4H
test-3878.png,P4H
test-1749.png,P4H
test-721.png,P4H
test-1773.png,P4H
test-3610.png,P4H
test-397.png,P4H
test-4934.png,P4H
test-4954.png,P4H
test-4971.png,P4H
test-3119.png,P4H
test-3604.png,P4H
test-97.png,P4H
test-3538.png,P4H
test-1114.png,P4H
test-780.png,P4H
test-648.png,P4H
test-1491.png,P4H
test-1528.png,P4H
test-4135.png,P4H
test-991.png,P4H
test-2377.png,P4H
test-3554.png,P4H
test-2600.png,P4H
test-2235.png,P4H
test-1248.png,P4H
test-755.png,P4H
test-2966.png,P4H
test-2153.png,P4H
test-2799.png,P4H
test-1772.png,P4H
test-4112.png,P4H
test-3320.png,P4H
test-2610.png,P4H
test-1553.png,P4H
test-276.png,P4H
test-2332.png,P4H
test-4122.png,P4H
test-3310.png,P4H
test-3162.png,P4H
test-4071.png,P4H
test-763.png,P4H
test-2757.png,P4H
test-4685.png,P4H
test-3042.png,P4H
test-1890.png,P4H
test-1278.png,P4H
test-4770.png,P4H
test-4427.png,P4H
test-2875.png,P4H
test-1065.png,P4H
test-2728.png,P4H
test-1135.png,P4H
test-2978.png,P4H
test-2101.png,P4H
test-2665.png,P4H
test-2135.png,P4H
test-1103.png,P4H
test-3079.png,P4H
test-4511.png,P4H
test-2492.png,P4H
test-4313.png,P4H
test-4306.png,P4H
test-3683.png,P4H
test-2949.png,P4H
test-938.png,P4H
test-1807.png,P4H
test-1281.png,P4H
test-4324.png,P4H
test-226.png,P4H
test-1833.png,P4H
test-3018.png,P4H
test-2485.png,P4H
test-2507.png,P4H
test-3321.png,P4H
test-4606.png,P4H
test-4982.png,P4H
test-3077.png,P4H
test-4588.png,P4H
test-1572.png,P4H
test-3593.png,P4H
test-3176.png,P4H
test-428.png,P4H
test-3358.png,P4H
test-849.png,P4H
test-2021.png,P4H
test-1230.png,P4H
test-1950.png,P4H
test-2050.png,P4H
test-4979.png,P4H
test-124.png,P4H
test-3959.png,P4H
test-2791.png,P4H
test-3546.png,P4H
test-227.png,P4H
test-4159.png,P4H
test-3220.png,P4H
test-2018.png,P4H
test-3653.png,P4H
test-3316.png,P4H
test-893.png,P4H
test-4771.png,P4H
test-1640.png,P4H
test-3762.png,P4H
test-473.png,P4H
test-3693.png,P4H
test-2169.png,P4H
test-377.png,P4H
test-3667.png,P4H
test-4663.png,P4H
test-4656.png,P4H
test-1541.png,P4H
test-682.png,P4H
test-1915.png,P4H
test-164.png,P4H
test-1429.png,P4H
test-3391.png,P4H
test-824.png,P4H
test-3514.png,P4H
test-2634.png,P4H
test-1097.png,P4H
test-1689.png,P4H
test-1514.png,P4H
test-3832.png,P4H
test-3352.png,P4H
test-4422.png,P4H
test-3979.png,P4H
test-4540.png,P4H
test-1330.png,P4H
test-832.png,P4H
test-4534.png,P4H
test-565.png,P4H
test-1676.png,P4H
test-3267.png,P4H
test-4852.png,P4H
test-3750.png,P4H
test-1747.png,P4H
test-3054.png,P4H
test-774.png,P4H
test-649.png,P4H
test-3811.png,P4H
test-3043.png,P4H
test-2422.png,P4H
test-746.png,P4H
test-610.png,P4H
test-1063.png,P4H
test-1238.png,P4H
test-1774.png,P4H
test-576.png,P4H
test-878.png,P4H
test-2899.png,P4H
test-191.png,P4H
test-3948.png,P4H
test-2202.png,P4H
test-1432.png,P4H
test-4013.png,P4H
test-833.png,P4H
test-4097.png,P4H
test-968.png,P4H
test-3031.png,P4H
test-2281.png,P4H
test-2369.png,P4H
test-3990.png,P4H
test-1502.png,P4H
test-1031.png,P4H
test-982.png,P4H
test-2455.png,P4H
test-1352.png,P4H
test-4761.png,P4H
test-1077.png,P4H
test-1527.png,P4H
test-2300.png,P4H
test-465.png,P4H
test-2604.png,P4H
test-4548.png,P4H
test-2781.png,P4H
test-1852.png,P4H
test-940.png,P4H
test-3641.png,P4H
test-3608.png,P4H
test-1284.png,P4H
test-2453.png,P4H
test-3126.png,P4H
test-3044.png,P4H
test-1236.png,P4H
test-947.png,P4H
test-3422.png,P4H
test-3515.png,P4H
test-3247.png,P4H
test-4091.png,P4H
test-1969.png,P4H
test-1047.png,P4H
test-2806.png,P4H
test-4312.png,P4H
test-4915.png,P4H
test-2039.png,P4H
test-3729.png,P4H
test-542.png,P4H
test-3259.png,P4H
test-518.png,P4H
test-1876.png,P4H
test-1709.png,P4H
test-2833.png,P4H
test-777.png,P4H
test-1521.png,P4H
test-4319.png,P4H
test-3213.png,P4H
test-3596.png,P4H
test-2989.png,P4H
test-3498.png,P4H
test-4033.png,P4H
test-2330.png,P4H
test-928.png,P4H
test-529.png,P4H
test-172.png,P4H
test-4408.png,P4H
test-334.png,P4H
test-1158.png,P4H
test-997.png,P4H
test-21.png,P4H
test-4490.png,P4H
test-2807.png,P4H
test-4921.png,P4H
test-1725.png,P4H
test-3266.png,P4H
test-3224.png,P4H
test-107.png,P4H
test-73.png,P4H
test-4524.png,P4H
test-729.png,P4H
test-3616.png,P4H
test-2754.png,P4H
test-160.png,P4H
test-2968.png,P4H
test-497.png,P4H
test-4165.png,P4H
test-4903.png,P4H
test-3065.png,P4H
test-3831.png,P4H
test-1766.png,P4H
test-1824.png,P4H
test-133.png,P4H
test-1596.png,P4H
test-1560.png,P4H
test-815.png,P4H
test-2075.png,P4H
test-1592.png,P4H
test-4074.png,P4H
test-2528.png,P4H
test-2125.png,P4H
test-4368.png,P4H
test-3463.png,P4H
test-3926.png,P4H
test-2081.png,P4H
test-467.png,P4H
test-1956.png,P4H
test-3565.png,P4H
test-1420.png,P4H
test-989.png,P4H
test-1399.png,P4H
test-1316.png,P4H
test-3923.png,P4H
test-2859.png,P4H
test-1350.png,P4H
test-681.png,P4H
test-556.png,P4H
test-4119.png,P4H
test-1827.png,P4H
test-4017.png,P4H
test-2623.png,P4H
test-1463.png,P4H
test-1837.png,P4H
test-3896.png,P4H
test-1004.png,P4H
test-183.png,P4H
test-1329.png,P4H
test-4058.png,P4H
test-2428.png,P4H
test-1503.png,P4H
test-4285.png,P4H
test-693.png,P4H
test-4134.png,P4H
test-3440.png,P4H
test-1156.png,P4H
test-2015.png,P4H
test-3179.png,P4H
test-4068.png,P4H
test-2767.png,P4H
test-112.png,P4H
test-3783.png,P4H
test-3087.png,P4H
test-3262.png,P4H
test-2979.png,P4H
test-1253.png,P4H
test-2636.png,P4H
test-1778.png,P4H
test-2536.png,P4H
test-800.png,P4H
test-1957.png,P4H
test-1188.png,P4H
test-3640.png,P4H
test-2260.png,P4H
test-139.png,P4H
test-1628.png,P4H
test-1148.png,P4H
test-602.png,P4H
test-1478.png,P4H
test-2003.png,P4H
test-1213.png,P4H
test-3812.png,P4H
test-2710.png,P4H
test-3084.png,P4H
test-1394.png,P4H
test-469.png,P4H
test-3892.png,P4H
test-2328.png,P4H
test-2498.png,P4H
test-4975.png,P4H
test-4533.png,P4H
test-4045.png,P4H
test-4895.png,P4H
test-1038.png,P4H
test-905.png,P4H
test-1171.png,P4H
test-278.png,P4H
test-2097.png,P4H
test-4280.png,P4H
test-2645.png,P4H
test-4661.png,P4H
test-1720.png,P4H
test-3308.png,P4H
test-1557.png,P4H
test-3916.png,P4H
test-3553.png,P4H
test-2913.png,P4H
test-3579.png,P4H
test-250.png,P4H
test-2055.png,P4H
test-1197.png,P4H
test-4144.png,P4H
test-4623.png,P4H
test-1123.png,P4H
test-4552.png,P4H
test-2046.png,P4H
test-1261.png,P4H
test-3541.png,P4H
test-2864.png,P4H
test-670.png,P4H
test-3392.png,P4H
test-3899.png,P4H
test-1845.png,P4H
test-2827.png,P4H
test-3731.png,P4H
test-4707.png,P4H
test-2106.png,P4H
test-2961.png,P4H
test-2722.png,P4H
test-1600.png,P4H
test-2647.png,P4H
test-4041.png,P4H
test-485.png,P4H
test-2468.png,P4H
test-4417.png,P4H
test-1168.png,P4H
test-3524.png,P4H
test-2009.png,P4H
test-811.png,P4H
test-3862.png,P4H
test-1729.png,P4H
test-1043.png,P4H
test-1231.png,P4H
test-630.png,P4H
test-2272.png,P4H
test-1061.png,P4H
test-2180.png,P4H
test-2655.png,P4H
test-2350.png,P4H
test-3556.png,P4H
test-3457.png,P4H
test-4619.png,P4H
test-375.png,P4H
test-126.png,P4H
test-1789.png,P4H
test-4047.png,P4H
test-335.png,P4H
test-135.png,P4H
test-2954.png,P4H
test-4865.png,P4H
test-3571.png,P4H
test-75.png,P4H
test-3637.png,P4H
test-4335.png,P4H
test-3034.png,P4H
test-4380.png,P4H
test-2245.png,P4H
test-1978.png,P4H
test-3183.png,P4H
test-4519.png,P4H
test-3225.png,P4H
test-3937.png,P4H
test-3651.png,P4H
test-4.png,P4H
test-709.png,P4H
test-1717.png,P4H
test-1533.png,P4H
test-3877.png,P4H
test-3064.png,P4H
test-4233.png,P4H
test-4766.png,P4H
test-3408.png,P4H
test-2893.png,P4H
test-1966.png,P4H
test-2631.png,P4H
test-1765.png,P4H
test-4897.png,P4H
test-2894.png,P4H
test-1358.png,P4H
test-1227.png,P4H
test-4712.png,P4H
test-650.png,P4H
test-560.png,P4H
test-2303.png,P4H
test-255.png,P4H
test-1893.png,P4H
test-144.png,P4H
test-4627.png,P4H
test-3332.png,P4H
test-2803.png,P4H
test-344.png,P4H
test-2145.png,P4H
test-419.png,P4H
test-2732.png,P4H
test-1155.png,P4H
test-3361.png,P4H
test-1803.png,P4H
test-263.png,P4H
test-1635.png,P4H
test-2996.png,P4H
test-1671.png,P4H
test-642.png,P4H
test-4453.png,P4H
test-3354.png,P4H
test-2821.png,P4H
test-4435.png,P4H
test-4864.png,P4H
test-4143.png,P4H
test-3409.png,P4H
test-1494.png,P4H
test-1283.png,P4H
test-870.png,P4H
test-4774.png,P4H
test-114.png,P4H
test-747.png,P4H
test-4216.png,P4H
test-3429.png,P4H
test-4728.png,P4H
test-3853.png,P4H
test-4127.png,P4H
test-1618.png,P4H
test-2593.png,P4H
test-1508.png,P4H
test-4639.png,P4H
test-1954.png,P4H
test-80.png,P4H
test-773.png,P4H
test-3218.png,P4H
test-3343.png,P4H
test-3773.png,P4H
test-1198.png,P4H
test-767.png,P4H
test-2598.png,P4H
test-1406.png,P4H
test-1089.png,P4H
test-388.png,P4H
test-2020.png,P4H
test-2017.png,P4H
test-3960.png,P4H
test-1199.png,P4H
test-1519.png,P4H
test-1251.png,P4H
test-3061.png,P4H
test-24.png,P4H
test-3337.png,P4H
test-4950.png,P4H
test-2410.png,P4H
test-301.png,P4H
test-715.png,P4H
test-504.png,P4H
test-320.png,P4H
test-3377.png,P4H
test-59.png,P4H
test-422.png,P4H
test-4261.png,P4H
test-3609.png,P4H
test-4717.png,P4H
test-343.png,P4H
test-4759.png,P4H
test-4376.png,P4H
test-2574.png,P4H
test-1770.png,P4H
test-587.png,P4H
test-2496.png,P4H
test-325.png,P4H
test-3323.png,P4H
test-4370.png,P4H
test-541.png,P4H
test-1821.png,P4H
test-3490.png,P4H
test-4750.png,P4H
test-617.png,P4H
test-823.png,P4H
test-3368.png,P4H
test-1761.png,P4H
test-1091.png,P4H
test-2976.png,P4H
test-4651.png,P4H
test-2746.png,P4H
test-348.png,P4H
test-4049.png,P4H
test-2010.png,P4H
test-1860.png,P4H
test-3682.png,P4H
test-3059.png,P4H
test-1822.png,P4H
test-2890.png,P4H
test-2688.png,P4H
test-4909.png,P4H
test-3801.png,P4H
test-4905.png,P4H
test-3670.png,P4H
test-1152.png,P4H
test-2884.png,P4H
test-4366.png,P4H
test-3022.png,P4H
test-1363.png,P4H
test-2251.png,P4H
test-3275.png,P4H
test-4260.png,P4H
test-3207.png,P4H
test-432.png,P4H
test-2657.png,P4H
test-2168.png,P4H
test-2460.png,P4H
test-3205.png,P4H
test-2573.png,P4H
test-4189.png,P4H
test-3872.png,P4H
test-4430.png,P4H
test-1147.png,P4H
test-1242.png,P4H
test-646.png,P4H
test-1928.png,P4H
test-1285.png,P4H
test-4023.png,P4H
test-270.png,P4H
test-262.png,P4H
test-1552.png,P4H
test-3617.png,P4H
test-186.png,P4H
test-2335.png,P4H
test-2321.png,P4H
test-1921.png,P4H
test-4988.png,P4H
test-734.png,P4H
test-1924.png,P4H
test-1212.png,P4H
test-4649.png,P4H
test-2911.png,P4H
test-3908.png,P4H
test-3581.png,P4H
test-2953.png,P4H
test-4082.png,P4H
test-718.png,P4H
test-527.png,P4H
test-4374.png,P4H
test-4129.png,P4H
test-3130.png,P4H
test-4510.png,P4H
test-2613.png,P4H
test-1474.png,P4H
test-3903.png,P4H
test-4195.png,P4H
test-858.png,P4H
test-2471.png,P4H
test-1529.png,P4H
test-3334.png,P4H
test-1843.png,P4H
test-1682.png,P4H
test-426.png,P4H
test-4080.png,P4H
test-4328.png,P4H
test-110.png,P4H
test-2035.png,P4H
test-2034.png,P4H
test-1952.png,P4H
test-609.png,P4H
test-3242.png,P4H
test-3444.png,P4H
test-1133.png,P4H
test-2552.png,P4H
test-261.png,P4H
test-1459.png,P4H
test-598.png,P4H
test-1730.png,P4H
test-2750.png,P4H
test-1455.png,P4H
test-4405.png,P4H
test-1275.png,P4H
test-988.png,P4H
test-4995.png,P4H
test-3690.png,P4H
test-2724.png,P4H
test-1974.png,P4H
test-2051.png,P4H
test-2991.png,P4H
test-2343.png,P4H
test-1752.png,P4H
test-4065.png,P4H
test-4646.png,P4H
test-535.png,P4H
test-289.png,P4H
test-1415.png,P4H
test-2392.png,P4H
test-3180.png,P4H
test-3231.png,P4H
test-977.png,P4H
test-2314.png,P4H
test-230.png,P4H
test-2882.png,P4H
test-3614.png,P4H
test-2389.png,P4H
test-4596.png,P4H
test-799.png,P4H
test-3743.png,P4H
test-655.png,P4H
test-2889.png,P4H
test-2276.png,P4H
test-4942.png,P4H
test-3210.png,P4H
test-1467.png,P4H
test-4945.png,P4H
test-3297.png,P4H
test-2424.png,P4H
test-1642.png,P4H
test-545.png,P4H
test-658.png,P4H
test-2262.png,P4H
test-2220.png,P4H
test-1759.png,P4H
test-4875.png,P4H
test-4974.png,P4H
test-506.png,P4H
test-574.png,P4H
test-3636.png,P4H
test-620.png,P4H
test-4655.png,P4H
test-573.png,P4H
test-4657.png,P4H
test-1381.png,P4H
test-2504.png,P4H
test-3204.png,P4H
test-3468.png,P4H
test-3519.png,P4H
test-3496.png,P4H
test-3166.png,P4H
test-761.png,P4H
test-2150.png,P4H
test-3591.png,P4H
test-1166.png,P4H
test-4289.png,P4H
test-238.png,P4H
test-2179.png,P4H
test-2941.png,P4H
test-4680.png,P4H
test-3898.png,P4H
test-2776.png,P4H
test-4145.png,P4H
test-3039.png,P4H
test-2093.png,P4H
test-3602.png,P4H
test-3728.png,P4H
test-1469.png,P4H
test-3547.png,P4H
test-2161.png,P4H
test-296.png,P4H
test-3771.png,P4H
test-3098.png,P4H
test-1811.png,P4H
test-2773.png,P4H
test-2250.png,P4H
test-798.png,P4H
test-3569.png,P4H
test-3695.png,P4H
test-1293.png,P4H
test-3828.png,P4H
test-3918.png,P4H
test-4226.png,P4H
test-4849.png,P4H
test-4070.png,P4H
test-2338.png,P4H
test-4182.png,P4H
test-3518.png,P4H
test-4212.png,P4H
test-2109.png,P4H
test-2717.png,P4H
test-54.png,P4H
test-3933.png,P4H
test-3858.png,P4H
test-3825.png,P4H
test-2047.png,P4H
test-2583.png,P4H
test-4108.png,P4H
test-838.png,P4H
test-4992.png,P4H
test-4835.png,P4H
test-4599.png,P4H
test-869.png,P4H
test-3952.png,P4H
test-2868.png,P4H
test-3246.png,P4H
test-1943.png,P4H
test-4228.png,P4H
test-2325.png,P4H
test-4123.png,P4H
test-234.png,P4H
test-3024.png,P4H
test-277.png,P4H
test-2930.png,P4H
test-4796.png,P4H
test-1685.png,P4H
test-1875.png,P4H
test-2171.png,P4H
test-4457.png,P4H
test-4720.png,P4H
test-146.png,P4H
test-501.png,P4H
test-1159.png,P4H
test-180.png,P4H
test-2310.png,P4H
test-3436.png,P4H
test-4078.png,P4H
test-61.png,P4H
test-3508.png,P4H
test-3779.png,P4H
test-3946.png,P4H
test-2561.png,P4H
test-536.png,P4H
test-2817.png,P4H
test-481.png,P4H
test-1095.png,P4H
test-2078.png,P4H
test-2547.png,P4H
test-3958.png,P4H
test-46.png,P4H
test-1131.png,P4H
test-4890.png,P4H
test-211.png,P4H
test-2823.png,P4H
test-98.png,P4H
test-460.png,P4H
test-3285.png,P4H
test-3171.png,P4H
test-3996.png,P4H
test-2755.png,P4H
test-538.png,P4H
test-1223.png,P4H
test-1878.png,P4H
test-2434.png,P4H
test-4994.png,P4H
test-2001.png,P4H
test-3782.png,P4H
test-2762.png,P4H
test-1498.png,P4H
test-1931.png,P4H
test-138.png,P4H
test-4359.png,P4H
test-3120.png,P4H
test-945.png,P4H
test-2559.png,P4H
test-4278.png,P4H
test-4120.png,P4H
test-3288.png,P4H
test-249.png,P4H
test-4571.png,P4H
test-1007.png,P4H
test-4015.png,P4H
test-1548.png,P4H
test-4409.png,P4H
test-4885.png,P4H
test-2166.png,P4H
test-2266.png,P4H
test-4625.png,P4H
test-2936.png,P4H
test-1289.png,P4H
test-1940.png,P4H
test-1984.png,P4H
test-13.png,P4H
test-712.png,P4H
test-143.png,P4H
test-100.png,P4H
test-999.png,P4H
test-2919.png,P4H
test-4478.png,P4H
test-2133.png,P4H
test-2123.png,P4H
test-2652.png,P4H
test-1792.png,P4H
test-4391.png,P4H
test-2785.png,P4H
test-1859.png,P4H
test-3847.png,P4H
test-739.png,P4H
test-4043.png,P4H
test-1530.png,P4H
test-819.png,P4H
test-2381.png,P4H
test-158.png,P4H
test-339.png,P4H
test-3236.png,P4H
test-4460.png,P4H
test-2293.png,P4H
test-4413.png,P4H
test-4109.png,P4H
test-1889.png,P4H
test-1705.png,P4H
test-1049.png,P4H
test-4512.png,P4H
test-2094.png,P4H
test-993.png,P4H
test-4342.png,P4H
test-3956.png,P4H
test-1385.png,P4H
test-1052.png,P4H
test-2243.png,P4H
test-4591.png,P4H
test-3164.png,P4H
test-2277.png,P4H
test-4456.png,P4H
test-668.png,P4H
test-3985.png,P4H
test-1990.png,P4H
test-382.png,P4H
test-2900.png,P4H
test-525.png,P4H
test-218.png,P4H
test-223.png,P4H
test-3661.png,P4H
test-2128.png,P4H
test-2139.png,P4H
test-2497.png,P4H
test-1922.png,P4H
test-3008.png,P4H
test-3045.png,P4H
test-3768.png,P4H
test-1745.png,P4H
test-3806.png,P4H
test-4069.png,P4H
test-1590.png,P4H
test-2888.png,P4H
test-4912.png,P4H
test-4694.png,P4H
test-3613.png,P4H
test-1340.png,P4H
test-903.png,P4H
test-3578.png,P4H
test-699.png,P4H
test-4329.png,P4H
test-1308.png,P4H
test-3592.png,P4H
test-31.png,P4H
test-4105.png,P4H
test-4220.png,P4H
test-449.png,P4H
test-935.png,P4H
test-443.png,P4H
test-1389.png,P4H
test-314.png,P4H
test-4224.png,P4H
test-837.png,P4H
test-4448.png,P4H
test-1830.png,P4H
test-524.png,P4H
test-2938.png,P4H
test-4755.png,P4H
test-3836.png,P4H
test-493.png,P4H
test-3303.png,P4H
test-1356.png,P4H
test-4032.png,P4H
test-4221.png,P4H
test-2718.png,P4H
test-2565.png,P4H
test-3325.png,P4H
test-1220.png,P4H
test-3131.png,P4H
test-1615.png,P4H
test-2279.png,P4H
test-4113.png,P4H
test-4298.png,P4H
test-4691.png,P4H
test-279.png,P4H
test-671.png,P4H
test-667.png,P4H
test-2818.png,P4H
test-3023.png,P4H
test-2162.png,P4H
test-4792.png,P4H
test-1345.png,P4H
test-1563.png,P4H
test-210.png,P4H
test-3655.png,P4H
test-2577.png,P4H
test-3663.png,P4H
test-2990.png,P4H
test-2165.png,P4H
test-1703.png,P4H
test-1597.png,P4H
test-1434.png,P4H
test-1396.png,P4H
test-27.png,P4H
test-1702.png,P4H
test-4636.png,P4H
test-63.png,P4H
test-4076.png,P4H
test-762.png,P4H
test-3393.png,P4H
test-2569.png,P4H
test-52.png,P4H
test-429.png,P4H
test-820.png,P4H
test-4892.png,P4H
test-4991.png,P4H
test-1194.png,P4H
test-549.png,P4H
test-4303.png,P4H
test-2841.png,P4H
test-2630.png,P4H
test-3123.png,P4H
test-3132.png,P4H
test-3802.png,P4H
test-42.png,P4H
test-1015.png,P4H
test-425.png,P4H
test-2068.png,P4H
test-3536.png,P4H
test-3644.png,P4H
test-3413.png,P4H
test-2087.png,P4H
test-2157.png,P4H
test-684.png,P4H
test-2429.png,P4H
test-972.png,P4H
test-2814.png,P4H
test-816.png,P4H
test-3827.png,P4H
test-2772.png,P4H
test-4412.png,P4H
test-3584.png,P4H
test-129.png,P4H
test-4030.png,P4H
test-176.png,P4H
test-3190.png,P4H
test-4517.png,P4H
test-2957.png,P4H
test-4826.png,P4H
test-4807.png,P4H
test-346.png,P4H
test-119.png,P4H
test-4747.png,P4H
test-3418.png,P4H
test-2970.png,P4H
test-4667.png,P4H
test-1515.png,P4H
test-738.png,P4H
test-4027.png,P4H
test-3099.png,P4H
test-3986.png,P4H
test-3868.png,P4H
test-2849.png,P4H
test-2327.png,P4H
test-1531.png,P4H
test-4699.png,P4H
test-103.png,P4H
test-4825.png,P4H
test-1351.png,P4H
test-2567.png,P4H
test-4235.png,P4H
test-3685.png,P4H
test-2152.png,P4H
test-2620.png,P4H
test-477.png,P4H
test-4773.png,P4H
test-4724.png,P4H
test-4316.png,P4H
test-3475.png,P4H
test-3726.png,P4H
test-753.png,P4H
test-1021.png,P4H
test-656.png,P4H
test-1927.png,P4H
test-1873.png,P4H
test-4703.png,P4H
test-4255.png,P4H
test-2768.png,P4H
test-4963.png,P4H
test-1540.png,P4H
test-1776.png,P4H
test-635.png,P4H
test-3357.png,P4H
test-2523.png,P4H
test-1344.png,P4H
test-3590.png,P4H
test-4052.png,P4H
test-3144.png,P4H
test-14.png,P4H
test-1537.png,P4H
test-825.png,P4H
test-1184.png,P4H
test-2425.png,P4H
test-2258.png,P4H
test-213.png,P4H
test-2026.png,P4H
test-708.png,P4H
test-4282.png,P4H
test-3910.png,P4H
test-1211.png,P4H
test-877.png,P4H
test-4713.png,P4H
test-357.png,P4H
test-608.png,P4H
test-1686.png,P4H
test-2380.png,P4H
test-1722.png,P4H
test-2294.png,P4H
test-4638.png,P4H
test-4095.png,P4H
test-3080.png,P4H
test-4362.png,P4H
test-965.png,P4H
test-332.png,P4H
test-1652.png,P4H
test-1861.png,P4H
test-3620.png,P4H
test-2769.png,P4H
test-613.png,P4H
test-2104.png,P4H
test-2783.png,P4H
test-3135.png,P4H
test-311.png,P4H
test-1823.png,P4H
test-1879.png,P4H
test-3687.png,P4H
test-450.png,P4H
test-1090.png,P4H
test-3914.png,P4H
test-2494.png,P4H
test-491.png,P4H
test-361.png,P4H
test-882.png,P4H
test-1435.png,P4H
test-2758.png,P4H
test-1678.png,P4H
test-240.png,P4H
test-1048.png,P4H
test-1934.png,P4H
test-3261.png,P4H
test-4020.png,P4H
test-558.png,P4H
test-2450.png,P4H
test-1587.png,P4H
test-4673.png,P4H
test-3522.png,P4H
test-3804.png,P4H
test-376.png,P4H
test-3523.png,P4H
test-3401.png,P4H
test-3128.png,P4H
test-1996.png,P4H
test-1798.png,P4H
test-4535.png,P4H
test-1355.png,P4H
test-3624.png,P4H
test-3327.png,P4H
test-3544.png,P4H
test-3348.png,P4H
test-2985.png,P4H
test-4570.png,P4H
test-3707.png,P4H
test-4488.png,P4H
test-149.png,P4H
test-2702.png,P4H
test-1714.png,P4H
test-2342.png,P4H
test-58.png,P4H
test-4384.png,P4H
test-4458.png,P4H
test-2563.png,P4H
test-1901.png,P4H
test-4683.png,P4H
test-2156.png,P4H
test-165.png,P4H
test-2880.png,P4H
test-2742.png,P4H
test-4247.png,P4H
test-1369.png,P4H
test-3304.png,P4H
test-4203.png,P4H
test-3188.png,P4H
test-1681.png,P4H
test-4355.png,P4H
test-4385.png,P4H
test-919.png,P4H
test-3793.png,P4H
test-612.png,P4H
test-4403.png,P4H
test-951.png,P4H
test-3264.png,P4H
test-2681.png,P4H
test-3626.png,P4H
test-3454.png,P4H
test-2626.png,P4H
test-1906.png,P4H
test-3074.png,P4H
test-3531.png,P4H
test-4438.png,P4H
test-3757.png,P4H
test-3416.png,P4H
test-1680.png,P4H
test-3561.png,P4H
test-4919.png,P4H
test-1832.png,P4H
test-4115.png,P4H
test-2111.png,P4H
test-1571.png,P4H
test-3764.png,P4H
test-764.png,P4H
test-4870.png,P4H
test-619.png,P4H
test-1349.png,P4H
test-4602.png,P4H
test-3105.png,P4H
test-3293.png,P4H
test-3603.png,P4H
test-2858.png,P4H
test-995.png,P4H
test-386.png,P4H
test-1938.png,P4H
test-4676.png,P4H
test-2591.png,P4H
test-4904.png,P4H
test-1955.png,P4H
test-4462.png,P4H
test-2357.png,P4H
test-4151.png,P4H
test-3662.png,P4H
test-2615.png,P4H
test-390.png,P4H
test-2418.png,P4H
test-851.png,P4H
test-4738.png,P4H
test-4967.png,P4H
test-479.png,P4H
test-2249.png,P4H
test-3333.png,P4H
test-2731.png,P4H
test-1796.png,P4H
test-1016.png,P4H
test-683.png,P4H
test-2329.png,P4H
test-2922.png,P4H
test-4812.png,P4H
test-2445.png,P4H
test-2435.png,P4H
test-918.png,P4H
test-4487.png,P4H
test-2403.png,P4H
test-1269.png,P4H
test-233.png,P4H
test-3430.png,P4H
test-2836.png,P4H
test-826.png,P4H
test-4968.png,P4H
test-4274.png,P4H
test-4781.png,P4H
test-4973.png,P4H
test-4763.png,P4H
test-4271.png,P4H
test-1690.png,P4H
test-4674.png,P4H
test-4012.png,P4H
test-4353.png,P4H
test-2472.png,P4H
test-2273.png,P4H
test-2516.png,P4H
test-4086.png,P4H
test-257.png,P4H
test-1461.png,P4H
test-4451.png,P4H
test-875.png,P4H
test-505.png,P4H
test-184.png,P4H
test-2443.png,P4H
test-2695.png,P4H
test-258.png,P4H
test-994.png,P4H
test-1124.png,P4H
test-3047.png,P4H
test-4230.png,P4H
test-4593.png,P4H
test-2441.png,P4H
test-1117.png,P4H
test-5.png,P4H
test-4191.png,P4H
test-4310.png,P4H
test-802.png,P4H
test-1069.png,P4H
test-4375.png,P4H
test-1509.png,P4H
test-305.png,P4H
test-2952.png,P4H
test-2770.png,P4H
test-4980.png,P4H
test-2144.png,P4H
test-867.png,P4H
test-3874.png,P4H
test-2057.png,P4H
test-1322.png,P4H
test-913.png,P4H
test-1419.png,P4H
test-1997.png,P4H
test-3071.png,P4H
test-1524.png,P4H
test-1762.png,P4H
test-908.png,P4H
test-1010.png,P4H
test-4334.png,P4H
test-427.png,P4H
test-1191.png,P4H
test-4239.png,P4H
test-3280.png,P4H
test-4958.png,P4H
test-2675.png,P4H
test-1492.png,P4H
test-3911.png,P4H
test-4539.png,P4H
test-2846.png,P4H
test-2204.png,P4H
test-1003.png,P4H
test-2916.png,P4H
test-3030.png,P4H
test-3243.png,P4H
test-1119.png,P4H
test-1382.png,P4H
test-976.png,P4H
test-2206.png,P4H
test-3256.png,P4H
test-4175.png,P4H
test-1305.png,P4H
test-731.png,P4H
test-4626.png,P4H
test-3752.png,P4H
test-3405.png,P4H
test-2082.png,P4H
test-3070.png,P4H
test-2854.png,P4H
test-151.png,P4H
test-1856.png,P4H
test-4426.png,P4H
test-3449.png,P4H
test-1359.png,P4H
test-4463.png,P4H
test-2085.png,P4H
test-1847.png,P4H
test-2740.png,P4H
test-662.png,P4H
test-4034.png,P4H
test-2170.png,P4H
test-365.png,P4H
test-1946.png,P4H
test-116.png,P4H
test-2209.png,P4H
test-128.png,P4H
test-4740.png,P4H
test-2796.png,P4H
test-2301.png,P4H
test-1221.png,P4H
test-374.png,P4H
test-2848.png,P4H
test-4522.png,P4H
test-1025.png,P4H
test-4612.png,P4H
test-4549.png,P4H
test-462.png,P4H
test-4132.png,P4H
test-1655.png,P4H
test-1721.png,P4H
test-2672.png,P4H
test-2298.png,P4H
test-2267.png,P4H
test-2048.png,P4H
test-1141.png,P4H
test-4837.png,P4H
test-495.png,P4H
test-3202.png,P4H
test-4710.png,P4H
test-1224.png,P4H
test-4337.png,P4H
test-2512.png,P4H
test-3191.png,P4H
test-1835.png,P4H
test-3993.png,P4H
test-86.png,P4H
test-3678.png,P4H
test-4949.png,P4H
test-3149.png,P4H
test-2114.png,P4H
test-1044.png,P4H
test-2465.png,P4H
test-523.png,P4H
test-47.png,P4H
test-117.png,P4H
test-1489.png,P4H
test-895.png,P4H
test-500.png,P4H
test-829.png,P4H
test-2382.png,P4H
test-2505.png,P4H
test-4491.png,P4H
test-1225.png,P4H
test-2265.png,P4H
test-703.png,P4H
test-2291.png,P4H
test-4891.png,P4H
test-3317.png,P4H
test-4254.png,P4H
test-1006.png,P4H
test-3407.png,P4H
test-2782.png,P4H
test-2977.png,P4H
test-1179.png,P4H
test-3423.png,P4H
test-309.png,P4H
test-3019.png,P4H
test-2984.png,P4H
test-3893.png,P4H
test-3915.png,P4H
test-3312.png,P4H
test-909.png,P4H
test-2118.png,P4H
test-3784.png,P4H
test-3027.png,P4H
test-1055.png,P4H
test-3161.png,P4H
test-3095.png,P4H
test-4629.png,P4H
test-1436.png,P4H
test-3137.png,P4H
test-4923.png,P4H
test-274.png,P4H
test-109.png,P4H
test-1568.png,P4H
test-3450.png,P4H
test-474.png,P4H
test-4842.png,P4H
test-1863.png,P4H
test-2219.png,P4H
test-528.png,P4H
test-2855.png,P4H
test-4476.png,P4H
test-1688.png,P4H
test-1919.png,P4H
test-2080.png,P4H
test-1295.png,P4H
test-1296.png,P4H
test-929.png,P4H
test-1683.png,P4H
test-94.png,P4H
test-4955.png,P4H
test-102.png,P4H
test-28.png,P4H
test-540.png,P4H
test-2866.png,P4H
test-984.png,P4H
test-185.png,P4H
test-2942.png,P4H
test-3922.png,P4H
test-3894.png,P4H
test-3254.png,P4H
test-243.png,P4H
test-35.png,P4H
test-284.png,P4H
test-1318.png,P4H
test-3026.png,P4H
test-187.png,P4H
test-844.png,P4H
test-1365.png,P4H
test-1585.png,P4H
test-3315.png,P4H
test-2400.png,P4H
test-336.png,P4H
test-3861.png,P4H
test-3484.png,P4H
test-931.png,P4H
test-4156.png,P4H
test-2322.png,P4H
test-2160.png,P4H
test-25.png,P4H
test-2872.png,P4H
test-3568.png,P4H
test-4273.png,P4H
test-2844.png,P4H
test-952.png,P4H
test-3835.png,P4H
test-169.png,P4H
test-1944.png,P4H
test-4284.png,P4H
test-2810.png,P4H
test-4474.png,P4H
test-955.png,P4H
test-2134.png,P4H
test-2052.png,P4H
test-4887.png,P4H
test-4617.png,P4H
test-891.png,P4H
test-4731.png,P4H
test-202.png,P4H
test-1400.png,P4H
test-1218.png,P4H
test-2099.png,P4H
test-1518.png,P4H
test-4042.png,P4H
test-923.png,P4H
test-2901.png,P4H
test-4174.png,P4H
test-3989.png,P4H
test-911.png,P4H
test-3619.png,P4H
test-4589.png,P4H
test-1002.png,P4H
test-2098.png,P4H
test-1346.png,P4H
test-511.png,P4H
test-2619.png,P4H
test-3060.png,P4H
test-2705.png,P4H
test-3718.png,P4H
test-2427.png,P4H
test-4268.png,P4H
test-3738.png,P4H
test-1379.png,P4H
test-3684.png,P4H
test-1240.png,P4H
test-3505.png,P4H
test-2595.png,P4H
test-4124.png,P4H
test-3559.png,P4H
test-2352.png,P4H
test-3537.png,P4H
test-3810.png,P4H
test-4603.png,P4H
test-4839.png,P4H
test-4587.png,P4H
test-3962.png,P4H
test-3067.png,P4H
test-3882.png,P4H
test-2306.png,P4H
test-3598.png,P4H
test-3040.png,P4H
test-1949.png,P4H
test-3434.png,P4H
test-4128.png,P4H
test-872.png,P4H
test-1799.png,P4H
test-380.png,P4H
test-415.png,P4H
test-4296.png,P4H
test-2937.png,P4H
test-2.png,P4H
test-4500.png,P4H
test-2736.png,P4H
test-3983.png,P4H
test-796.png,P4H
test-4394.png,P4H
test-758.png,P4H
test-2351.png,P4H
test-2716.png,P4H
test-105.png,P4H
test-2456.png,P4H
test-1697.png,P4H
test-1857.png,P4H
test-4137.png,P4H
test-155.png,P4H
test-4749.png,P4H
test-1026.png,P4H
test-2141.png,P4H
test-3791.png,P4H
test-4152.png,P4H
test-391.png,P4H
test-166.png,P4H
test-3648.png,P4H
test-4547.png,P4H
test-1056.png,P4H
test-2065.png,P4H
test-4110.png,P4H
test-1582.png,P4H
test-2353.png,P4H
test-4556.png,P4H
test-1417.png,P4H
test-3398.png,P4H
test-1341.png,P4H
test-2181.png,P4H
test-998.png,P4H
test-3244.png,P4H
test-4075.png,P4H
test-3238.png,P4H
test-3945.png,P4H
test-1654.png,P4H
test-3032.png,P4H
test-1614.png,P4H
test-2373.png,P4H
test-1953.png,P4H
test-1724.png,P4H
test-4348.png,P4H
test-4788.png,P4H
test-2997.png,P4H
test-1506.png,P4H
test-2452.png,P4H
test-2650.png,P4H
test-299.png,P4H
test-3859.png,P4H
test-745.png,P4H
test-2395.png,P4H
test-241.png,P4H
test-4046.png,P4H
test-3177.png,P4H
test-492.png,P4H
test-1872.png,P4H
test-2458.png,P4H
test-625.png,P4H
test-4304.png,P4H
test-4987.png,P4H
test-1121.png,P4H
test-2271.png,P4H
test-2917.png,P4H
test-4784.png,P4H
test-3727.png,P4H
test-3586.png,P4H
test-3010.png,P4H
test-4000.png,P4H
test-3020.png,P4H
test-795.png,P4H
test-616.png,P4H
test-2809.png,P4H
test-3000.png,P4H
test-3111.png,P4H
test-3198.png,P4H
test-3234.png,P4H
test-1428.png,P4H
test-3481.png,P4H
test-1333.png,P4H
test-4381.png,P4H
test-722.png,P4H
test-1716.png,P4H
test-3278.png,P4H
test-1371.png,P4H
test-4502.png,P4H
test-2560.png,P4H
test-4829.png,P4H
test-4014.png,P4H
test-189.png,P4H
test-2946.png,P4H
test-2117.png,P4H
test-3091.png,P4H
test-1094.png,P4H
test-2415.png,P4H
test-2679.png,P4H
test-4231.png,P4H
test-101.png,P4H
test-4206.png,P4H
test-4856.png,P4H
test-4035.png,P4H
test-2038.png,P4H
test-3500.png,P4H
test-2033.png,P4H
test-1603.png,P4H
test-4194.png,P4H
test-1299.png,P4H
test-736.png,P4H
test-638.png,P4H
test-2885.png,P4H
test-1453.png,P4H
test-2508.png,P4H
test-3493.png,P4H
test-318.png,P4H
test-4029.png,P4H
test-607.png,P4H
test-2789.png,P4H
test-3725.png,P4H
test-1306.png,P4H
test-2256.png,P4H
test-4210.png,P4H
test-917.png,P4H
test-2743.png,P4H
test-4836.png,P4H
test-3427.png,P4H
test-4996.png,P4H
test-2649.png,P4H
test-4154.png,P4H
test-1374.png,P4H
test-39.png,P4H
test-436.png,P4H
test-1802.png,P4H
test-2572.png,P4H
test-1439.png,P4H
test-1113.png,P4H
test-1072.png,P4H
test-2223.png,P4H
test-2049.png,P4H
test-2208.png,P4H
test-127.png,P4H
test-863.png,P4H
test-4961.png,P4H
test-866.png,P4H
test-3932.png,P4H
test-1136.png,P4H
test-4473.png,P4H
test-383.png,P4H
test-1638.png,P4H
test-1028.png,P4H
test-174.png,P4H
test-3889.png,P4H
test-1791.png,P4H
test-178.png,P4H
test-16.png,P4H
test-1848.png,P4H
test-8.png,P4H
test-2136.png,P4H
test-836.png,P4H
test-204.png,P4H
test-725.png,P4H
test-881.png,P4H
test-2142.png,P4H
test-2929.png,P4H
test-1452.png,P4H
test-2031.png,P4H
test-4305.png,P4H
test-1858.png,P4H
test-627.png,P4H
test-2198.png,P4H
test-842.png,P4H
test-3765.png,P4H
test-1186.png,P4H
test-4318.png,P4H
test-1987.png,P4H
test-1343.png,P4H
test-756.png,P4H
test-3842.png,P4H
test-3271.png,P4H
test-1605.png,P4H
test-3694.png,P4H
test-807.png,P4H
test-3600.png,P4H
test-4976.png,P4H
test-4777.png,P4H
test-4333.png,P4H
test-1373.png,P4H
test-2674.png,P4H
test-6.png,P4H
test-88.png,P4H
test-2945.png,P4H
test-2278.png,P4H
test-2646.png,P4H
test-3611.png,P4H
test-3041.png,P4H
test-4470.png,P4H
test-1202.png,P4H
test-1621.png,P4H
test-3532.png,P4H
test-359.png,P4H
test-3719.png,P4H
test-2334.png,P4H
test-3221.png,P4H
test-4622.png,P4H
test-2933.png,P4H
test-1620.png,P4H
test-1979.png,P4H
test-1551.png,P4H
test-2509.png,P4H
test-631.png,P4H
test-4952.png,P4H
test-4251.png,P4H
test-4541.png,P4H
test-4851.png,P4H
test-3009.png,P4H
test-641.png,P4H
test-1550.png,P4H
test-3341.png,P4H
test-3949.png,P4H
test-581.png,P4H
test-886.png,P4H
test-224.png,P4H
test-3134.png,P4H
test-2096.png,P4H
test-4468.png,P4H
test-4416.png,P4H
test-2146.png,P4H
test-3046.png,P4H
test-1887.png,P4H
test-4997.png,P4H
test-3574.png,P4H
test-2513.png,P4H
test-3929.png,P4H
test-3175.png,P4H
test-4442.png,P4H
test-559.png,P4H
test-1700.png,P4H
test-411.png,P4H
test-4464.png,P4H
test-3856.png,P4H
test-603.png,P4H
test-711.png,P4H
test-1247.png,P4H
test-1418.png,P4H
test-1667.png,P4H
test-4081.png,P4H
test-3852.png,P4H
test-582.png,P4H
test-3353.png,P4H
test-4211.png,P4H
test-192.png,P4H
test-2795.png,P4H
test-4819.png,P4H
test-457.png,P4H
test-2022.png,P4H
test-3486.png,P4H
test-3957.png,P4H
test-1426.png,P4H
test-4718.png,P4H
test-3115.png,P4H
test-3189.png,P4H
test-2286.png,P4H
test-1584.png,P4H
test-4804.png,P4H
test-2421.png,P4H
test-159.png,P4H
test-2586.png,P4H
test-769.png,P4H
test-2164.png,P4H
test-246.png,P4H
test-678.png,P4H
test-3715.png,P4H
test-3083.png,P4H
test-4798.png,P4H
test-3447.png,P4H
test-4240.png,P4H
test-4146.png,P4H
test-4214.png,P4H
test-2747.png,P4H
test-18.png,P4H
test-476.png,P4H
test-701.png,P4H
test-2172.png,P4H
test-3245.png,P4H
test-1454.png,P4H
test-3168.png,P4H
test-601.png,P4H
test-4411.png,P4H
test-3999.png,P4H
test-1154.png,P4H
test-4772.png,P4H
test-2318.png,P4H
test-207.png,P4H
test-2950.png,P4H
test-971.png,P4H
test-1672.png,P4H
test-2362.png,P4H
test-2686.png,P4H
test-3964.png,P4H
test-1756.png,P4H
test-1554.png,P4H
test-3311.png,P4H
test-205.png,P4H
test-3795.png,P4H
test-1819.png,P4H
test-4256.png,P4H
test-3355.png,P4H
test-1869.png,P4H
test-3976.png,P4H
test-4916.png,P4H
test-396.png,P4H
test-1982.png,P4H
test-4155.png,P4H
test-4722.png,P4H
test-3124.png,P4H
test-953.png,P4H
test-360.png,P4H
test-2008.png,P4H
test-468.png,P4H
test-156.png,P4H
test-1589.png,P4H
test-1874.png,P4H
test-3344.png,P4H
test-3053.png,P4H
test-1932.png,P4H
test-3228.png,P4H
test-1606.png,P4H
test-1881.png,P4H
test-3843.png,P4H
test-2744.png,P4H
test-818.png,P4H
test-1764.png,P4H
test-2493.png,P4H
test-4184.png,P4H
test-4940.png,P4H
test-2340.png,P4H
test-4544.png,P4H
test-2920.png,P4H
test-934.png,P4H
test-2115.png,P4H
test-4640.png,P4H
test-3478.png,P4H
test-3483.png,P4H
test-3292.png,P4H
test-459.png,P4H
test-3153.png,P4H
test-4929.png,P4H
test-1258.png,P4H
test-3503.png,P4H
test-3869.png,P4H
test-4141.png,P4H
test-4158.png,P4H
test-366.png,P4H
test-3455.png,P4H
test-4756.png,P4H
test-3013.png,P4H
test-2852.png,P4H
test-196.png,P4H
test-1976.png,P4H
test-1512.png,P4H
test-2476.png,P4H
test-3864.png,P4H
test-539.png,P4H
test-4737.png,P4H
test-3258.png,P4H
test-4140.png,P4H
test-944.png,P4H
test-726.png,P4H
test-3324.png,P4H
test-3947.png,P4H
test-697.png,P4H
test-936.png,P4H
test-1601.png,P4H
test-4264.png,P4H
test-4719.png,P4H
test-839.png,P4H
test-4748.png,P4H
test-2413.png,P4H
test-3458.png,P4H
test-4809.png,P4H
test-2999.png,P4H
test-1392.png,P4H
test-4275.png,P4H
test-3680.png,P4H
test-137.png,P4H
test-120.png,P4H
test-3068.png,P4H
test-2076.png,P4H
test-3362.png,P4H
test-692.png,P4H
test-1084.png,P4H
test-926.png,P4H
test-1339.png,P4H
test-3563.png,P4H
test-1609.png,P4H
test-1001.png,P4H
test-1651.png,P4H
test-2233.png,P4H
test-3107.png,P4H
test-321.png,P4H
test-2653.png,P4H
test-899.png,P4H
test-2305.png,P4H
test-3975.png,P4H
test-1066.png,P4H
test-2545.png,P4H
test-2792.png,P4H
test-3386.png,P4H
test-2119.png,P4H
test-2238.png,P4H
test-1565.png,P4H
test-4317.png,P4H
test-4379.png,P4H
test-2696.png,P4H
test-312.png,P4H
test-2863.png,P4H
test-3759.png,P4H
test-3276.png,P4H
test-4920.png,P4H
test-2387.png,P4H
test-4505.png,P4H
test-1111.png,P4H
test-1204.png,P4H
test-4322.png,P4H
test-957.png,P4H
test-1914.png,P4H
test-1659.png,P4H
test-2725.png,P4H
test-4101.png,P4H
test-3821.png,P4H
test-4632.png,P4H
test-862.png,P4H
test-4896.png,P4H
test-400.png,P4H
test-3961.png,P4H
test-4532.png,P4H
test-3257.png,P4H
test-1566.png,P4H
test-3184.png,P4H
test-4834.png,P4H
test-2216.png,P4H
test-4702.png,P4H
test-1353.png,P4H
test-2840.png,P4H
test-915.png,P4H
test-3241.png,P4H
test-4550.png,P4H
test-2745.png,P4H
test-148.png,P4H
test-4419.png,P4H
test-1080.png,P4H
test-2651.png,P4H
test-645.png,P4H
test-2829.png,P4H
test-3777.png,P4H
test-471.png,P4H
test-550.png,P4H
test-1743.png,P4H
test-1347.png,P4H
test-626.png,P4H
test-4295.png,P4H
test-1868.png,P4H
test-4187.png,P4H
test-569.png,P4H
test-3499.png,P4H
test-4062.png,P4H
test-4469.png,P4H
test-3209.png,P4H
test-1195.png,P4H
test-564.png,P4H
test-4248.png,P4H
test-2689.png,P4H
test-265.png,P4H
test-515.png,P4H
test-1895.png,P4H
test-3439.png,P4H
test-4392.png,P4H
test-2571.png,P4H
test-1203.png,P4H
test-2289.png,P4H
test-1574.png,P4H
test-2409.png,P4H
test-3702.png,P4H
test-4077.png,P4H
test-2384.png,P4H
test-4933.png,P4H
test-2103.png,P4H
test-3342.png,P4H
test-1313.png,P4H
test-4398.png,P4H
test-1387.png,P4H
test-4133.png,P4H
test-3156.png,P4H
test-4483.png,P4H
test-4130.png,P4H
test-3851.png,P4H
test-1226.png,P4H
test-876.png,P4H
test-680.png,P4H
test-2934.png,P4H
test-4148.png,P4H
test-4198.png,P4H
test-1022.png,P4H
test-4431.png,P4H
test-885.png,P4H
test-4821.png,P4H
test-3540.png,P4H
test-45.png,P4H
test-2837.png,P4H
test-3299.png,P4H
test-4445.png,P4H
test-3672.png,P4H
test-4844.png,P4H
test-4779.png,P4H
test-3133.png,P4H
test-2375.png,P4H
test-636.png,P4H
test-2290.png,P4H
test-1648.png,P4H
test-4336.png,P4H
test-458.png,P4H
test-1376.png,P4H
test-787.png,P4H
test-2539.png,P4H
test-4820.png,P4H
test-1266.png,P4H
test-2257.png,P4H
test-130.png,P4H
test-963.png,P4H
test-2372.png,P4H
test-4562.png,P4H
test-3305.png,P4H
test-1698.png,P4H
test-4149.png,P4H
test-4634.png,P4H
test-685.png,P4H
test-2751.png,P4H
test-2668.png,P4H
test-1583.png,P4H
test-2288.png,P4H
test-1715.png,P4H
test-2983.png,P4H
test-1403.png,P4H
test-463.png,P4H
test-2440.png,P4H
test-1999.png,P4H
test-4315.png,P4H
test-3703.png,P4H
test-987.png,P4H
test-2828.png,P4H
test-2040.png,P4H
test-3063.png,P4H
test-40.png,P4H
test-2779.png,P4H
test-3739.png,P4H
test-4900.png,P4H
test-1647.png,P4H
test-1575.png,P4H
test-4867.png,P4H
test-4558.png,P4H
test-2862.png,P4H
test-4832.png,P4H
test-1496.png,P4H
test-2967.png,P4H
test-2448.png,P4H
test-2737.png,P4H
test-3840.png,P4H
test-115.png,P4H
test-4527.png,P4H
test-1775.png,P4H
test-1967.png,P4H
test-2120.png,P4H
test-4767.png,P4H
test-941.png,P4H
test-4752.png,P4H
test-1104.png,P4H
test-4560.png,P4H
test-4246.png,P4H
test-961.png,P4H
test-3340.png,P4H
test-410.png,P4H
test-1377.png,P4H
test-4492.png,P4H
test-4222.png,P4H
test-4688.png,P4H
test-4150.png,P4H
test-3109.png,P4H
test-4176.png,P4H
test-1806.png,P4H
test-1639.png,P4H
test-294.png,P4H
test-4696.png,P4H
test-4272.png,P4H
test-3594.png,P4H
test-2032.png,P4H
test-4006.png,P4H
test-4899.png,P4H
test-1862.png,P4H
test-482.png,P4H
test-1788.png,P4H
test-1627.png,P4H
test-3193.png,P4H
test-2521.png,P4H
test-2614.png,P4H
test-4507.png,P4H
test-4948.png,P4H
test-480.png,P4H
test-4833.png,P4H
test-3185.png,P4H
test-937.png,P4H
test-1991.png,P4H
test-3966.png,P4H
test-1395.png,P4H
test-1130.png,P4H
test-1710.png,P4H
test-2898.png,P4H
test-4390.png,P4H
test-1146.png,P4H
test-3314.png,P4H
test-2147.png,P4H
test-724.png,P4H
test-1087.png,P4H
test-3567.png,P4H
test-2386.png,P4H
test-1020.png,P4H
test-4618.png,P4H
test-4815.png,P4H
test-1348.png,P4H
test-2748.png,P4H
test-3466.png,P4H
test-4369.png,P4H
test-1992.png,P4H
test-4689.png,P4H
test-2843.png,P4H
test-203.png,P4H
test-451.png,P4H
test-1718.png,P4H
test-1664.png,P4H
test-2183.png,P4H
test-3551.png,P4H
test-2892.png,P4H
test-4402.png,P4H
test-3552.png,P4H
test-1081.png,P4H
test-2570.png,P4H
test-1877.png,P4H
test-108.png,P4H
test-2061.png,P4H
test-68.png,P4H
test-4841.png,P4H
test-30.png,P4H
test-974.png,P4H
test-1981.png,P4H
test-1239.png,P4H
test-3056.png,P4H
test-2224.png,P4H
test-2292.png,P4H
test-2370.png,P4H
test-2423.png,P4H
test-1132.png,P4H
test-3713.png,P4H
test-3214.png,P4H
test-1206.png,P4H
test-4733.png,P4H
test-4910.png,P4H
test-2212.png,P4H
test-3364.png,P4H
test-4609.png,P4H
test-292.png,P4H
test-1064.png,P4H
test-4645.png,P4H
test-3249.png,P4H
test-2486.png,P4H
test-3102.png,P4H
test-606.png,P4H
test-3415.png,P4H
test-623.png,P4H
test-4518.png,P4H
test-4981.png,P4H
test-43.png,P4H
test-41.png,P4H
test-3968.png,P4H
test-99.png,P4H
test-679.png,P4H
test-1707.png,P4H
test-1539.png,P4H
test-2193.png,P4H
test-702.png,P4H
test-1041.png,P4H
test-2788.png,P4H
test-3679.png,P4H
test-4768.png,P4H
test-2711.png,P4H
test-4679.png,P4H
test-421.png,P4H
test-333.png,P4H
test-3689.png,P4H
test-3763.png,P4H
test-208.png,P4H
test-3076.png,P4H
test-2437.png,P4H
test-1786.png,P4H
test-1632.png,P4H
test-3296.png,P4H
test-2797.png,P4H
test-1784.png,P4H
test-1009.png,P4H
test-1656.png,P4H
test-93.png,P4H
test-291.png,P4H
test-3988.png,P4H
test-4937.png,P4H
test-1139.png,P4H
test-1624.png,P4H
test-3136.png,P4H
test-4863.png,P4H
test-624.png,P4H
test-864.png,P4H
test-3110.png,P4H
test-3273.png,P4H
test-2417.png,P4H
test-1217.png,P4H
test-2383.png,P4H
test-4202.png,P4H
test-1291.png,P4H
test-162.png,P4H
test-2503.png,P4H
test-1692.png,P4H
test-3127.png,P4H
test-1086.png,P4H
test-3860.png,P4H
test-4677.png,P4H
test-1118.png,P4H
test-4252.png,P4H
test-1831.png,P4H
test-2926.png,P4H
test-1437.png,P4H
test-1795.png,P4H
test-2464.png,P4H
test-691.png,P4H
test-1288.png,P4H
test-1573.png,P4H
test-448.png,P4H
test-4794.png,P4H
test-125.png,P4H
test-3997.png,P4H
test-4180.png,P4H
test-2749.png,P4H
test-2013.png,P4H
test-4753.png,P4H
test-2307.png,P4H
test-1644.png,P4H
test-4960.png,P4H
test-1235.png,P4H
test-924.png,P4H
test-111.png,P4H
test-752.png,P4H
test-1059.png,P4H
test-2847.png,P4H
test-438.png,P4H
test-1604.png,P4H
test-1259.png,P4H
test-1913.png,P4H
test-1232.png,P4H
test-4845.png,P4H
test-4253.png,P4H
test-920.png,P4H
test-303.png,P4H
test-1695.png,P4H
test-2297.png,P4H
test-1948.png,P4H
test-3174.png,P4H
test-4382.png,P4H
test-197.png,P4H
test-4072.png,P4H
test-2037.png,P4H
test-1409.png,P4H
test-4447.png,P4H
test-4389.png,P4H
test-629.png,P4H
test-3535.png,P4H
test-4859.png,P4H
test-853.png,P4H
test-1918.png,P4H
test-2309.png,P4H
test-3513.png,P4H
test-1302.png,P4H
test-2627.png,P4H
test-1200.png,P4H
test-323.png,P4H
test-3770.png,P4H
test-4358.png,P4H
test-669.png,P4H
test-3028.png,P4H
test-1851.png,P4H
test-3152.png,P4H
test-4227.png,P4H
test-3517.png,P4H
test-1782.png,P4H
test-534.png,P4H
test-3936.png,P4H
test-3692.png,P4H
test-2640.png,P4H
test-1793.png,P4H
test-2074.png,P4H
test-812.png,P4H
test-3665.png,P4H
test-2385.png,P4H
test-502.png,P4H
test-53.png,P4H
test-3981.png,P4H
test-2205.png,P4H
test-4760.png,P4H
test-1920.png,P4H
test-1783.png,P4H
test-1367.png,P4H
test-4349.png,P4H
test-4432.png,P4H
test-2766.png,P4H
test-4564.png,P4H
test-3502.png,P4H
test-1577.png,P4H
test-331.png,P4H
test-2247.png,P4H
test-754.png,P4H
test-1273.png,P4H
test-912.png,P4H
test-4516.png,P4H
test-2482.png,P4H
test-3873.png,P4H
test-2824.png,P4H
test-4883.png,P4H
test-687.png,P4H
test-4219.png,P4H
test-4666.png,P4H
test-2007.png,P4H
test-498.png,P4H
test-1138.png,P4H
test-4238.png,P4H
test-958.png,P4H
test-168.png,P4H
test-1407.png,P4H
test-4668.png,P4H
test-3978.png,P4H
test-221.png,P4H
test-3248.png,P4H
test-3159.png,P4H
test-930.png,P4H
test-409.png,P4H
test-3082.png,P4H
test-3233.png,P4H
test-1549.png,P4H
test-1448.png,P4H
test-4871.png,P4H
test-1380.png,P4H
test-3905.png,P4H
test-2399.png,P4H
test-3805.png,P4H
test-1691.png,P4H
test-633.png,P4H
test-2131.png,P4H
test-1364.png,P4H
test-897.png,P4H
test-2790.png,P4H
test-2715.png,P4H
test-1115.png,P4H
test-3081.png,P4H
test-1298.png,P4H
test-1274.png,P4H
test-2771.png,P4H
test-4005.png,P4H
test-4879.png,P4H
test-440.png,P4H
test-2535.png,P4H
test-2356.png,P4H
test-4884.png,P4H
test-2190.png,P4H
test-2887.png,P4H
test-56.png,P4H
test-3307.png,P4H
test-3790.png,P4H
test-4326.png,P4H
test-1594.png,P4H
test-3965.png,P4H
test-3313.png,P4H
test-580.png,P4H
test-2712.png,P4H
test-3093.png,P4H
test-3329.png,P4H
test-295.png,P4H
test-1612.png,P4H
test-1738.png,P4H
test-358.png,P4H
test-2056.png,P4H
test-1300.png,P4H
test-4009.png,P4H
test-552.png,P4H
test-2943.png,P4H
test-3901.png,P4H
test-2896.png,P4H
test-992.png,P4H
test-1511.png,P4H
test-4893.png,P4H
test-2546.png,P4H
test-1328.png,P4H
test-452.png,P4H
test-2568.png,P4H
test-3117.png,P4H
test-3666.png,P4H
test-1185.png,P4H
test-2543.png,P4H
test-161.png,P4H
test-2826.png,P4H
test-3826.png,P4H
test-2510.png,P4H
test-442.png,P4H
test-1767.png,P4H
test-1693.png,P4H
test-3021.png,P4H
test-3994.png,P4H
test-835.png,P4H
test-1309.png,P4H
test-470.png,P4H
test-4983.png,P4H
test-2520.png,P4H
test-4692.png,P4H
test-1665.png,P4H
test-547.png,P4H
test-402.png,P4H
test-4972.png,P4H
test-340.png,P4H
test-3167.png,P4H
test-4024.png,P4H
test-3822.png,P4H
test-1070.png,P4H
test-653.png,P4H
test-2036.png,P4H
test-84.png,P4H
test-834.png,P4H
test-3525.png,P4H
test-3837.png,P4H
test-973.png,P4H
test-1175.png,P4H
test-3820.png,P4H
test-3943.png,P4H
test-3279.png,P4H
test-3528.png,P4H
test-3798.png,P4H
test-967.png,P4H
test-4643.png,P4H
test-615.png,P4H
test-2333.png,P4H
test-1815.png,P4H
test-1208.png,P4H
test-1929.png,P4H
test-1102.png,P4H
test-418.png,P4H
test-4620.png,P4H
test-954.png,P4H
test-4700.png,P4H
test-2261.png,P4H
test-3363.png,P4H
test-3697.png,P4H
test-2187.png,P4H
test-4592.png,P4H
test-4498.png,P4H
test-1277.png,P4H
test-2317.png,P4H
test-1712.png,P4H
test-3686.png,P4H
test-131.png,P4H
test-3286.png,P4H
test-3200.png,P4H
test-1165.png,P4H
test-2734.png,P4H
test-2834.png,P4H
test-3509.png,P4H
test-4496.png,P4H
test-3460.png,P4H
test-1526.png,P4H
test-4167.png,P4H
test-3443.png,P4H
test-4600.png,P4H
test-1926.png,P4H
test-2274.png,P4H
test-1785.png,P4H
test-2296.png,P4H
test-1324.png,P4H
test-3373.png,P4H
test-3628.png,P4H
test-2761.png,P4H
test-3890.png,P4H
test-435.png,P4H
test-199.png,P4H
test-4813.png,P4H
test-1099.png,P4H
test-810.png,P4H
test-1760.png,P4H
test-1580.png,P4H
test-4054.png,P4H
test-1071.png,P4H
test-4536.png,P4H
test-4990.png,P4H
test-1462.png,P4H
test-2879.png,P4H
test-3201.png,P4H
test-3857.png,P4H
test-2530.png,P4H
test-1935.png,P4H
test-4330.png,P4H
test-2656.png,P4H
test-657.png,P4H
test-2058.png,P4H
test-2339.png,P4H
test-3033.png,P4H
test-3612.png,P4H
test-2995.png,P4H
test-1062.png,P4H
test-4797.png,P4H
test-4270.png,P4H
test-1854.png,P4H
test-3550.png,P4H
test-3660.png,P4H
test-3887.png,P4H
test-3913.png,P4H
test-4799.png,P4H
test-2148.png,P4H
test-2891.png,P4H
test-4938.png,P4H
test-3442.png,P4H
test-3092.png,P4H
test-1440.png,P4H
test-494.png,P4H
test-3160.png,P4H
test-4455.png,P4H
test-822.png,P4H
test-1053.png,P4H
test-2780.png,P4H
test-253.png,P4H
test-2089.png,P4H
test-2269.png,P4H
test-1579.png,P4H
test-927.png,P4H
test-1669.png,P4H
test-1817.png,P4H
test-317.png,P4H
test-2390.png,P4H
test-280.png,P4H
test-3621.png,P4H
test-2433.png,P4H
test-1598.png,P4H
test-3845.png,P4H
test-3182.png,P4H
test-1040.png,P4H
test-1645.png,P4H
test-4472.png,P4H
test-216.png,P4H
test-4913.png,P4H
test-4580.png,P4H
test-1841.png,P4H
test-2242.png,P4H
test-3748.png,P4H
test-1734.png,P4H
test-4701.png,P4H
test-3402.png,P4H
test-3359.png,P4H
test-4860.png,P4H
test-1608.png,P4H
test-2236.png,P4H
test-2405.png,P4H
test-3004.png,P4H
test-889.png,P4H
test-2778.png,P4H
test-328.png,P4H
test-3287.png,P4H
test-3194.png,P4H
test-1523.png,P4H
test-34.png,P4H
test-674.png,P4H
test-4441.png,P4H
test-3753.png,P4H
test-4964.png,P4H
test-26.png,P4H
test-456.png,P4H
test-4302.png,P4H
test-2585.png,P4H
test-1488.png,P4H
test-4406.png,P4H
test-326.png,P4H
test-2203.png,P4H
test-4939.png,P4H
test-644.png,P4H
test-4338.png,P4H
test-3462.png,P4H
test-3766.png,P4H
test-3709.png,P4H
test-2677.png,P4H
test-3114.png,P4H
test-3269.png,P4H
test-4918.png,P4H
test-3529.png,P4H
test-1362.png,P4H
test-1311.png,P4H
test-871.png,P4H
test-1713.png,P4H
test-2727.png,P4H
test-4941.png,P4H
test-2481.png,P4H
test-1134.png,P4H
test-4969.png,P4H
test-1290.png,P4H
test-3199.png,P4H
test-4902.png,P4H
test-4166.png,P4H
test-1254.png,P4H
test-4764.png,P4H
test-1457.png,P4H
test-2014.png,P4H
test-3489.png,P4H
test-416.png,P4H
test-3746.png,P4H
test-2518.png,P4H
test-4873.png,P4H
test-4103.png,P4H
test-4170.png,P4H
test-123.png,P4H
test-2965.png,P4H
test-4215.png,P4H
test-1079.png,P4H
test-1323.png,P4H
test-4131.png,P4H
test-845.png,P4H
test-2533.png,P4H
test-854.png,P4H
test-3789.png,P4H
test-2667.png,P4H
test-4745.png,P4H
test-175.png,P4H
test-567.png,P4H
test-4584.png,P4H
test-2962.png,P4H
test-2244.png,P4H
test-2534.png,P4H
test-4088.png,P4H
test-2923.png,P4H
test-4083.png,P4H
test-1336.png,P4H
test-3006.png,P4H
test-4237.png,P4H
test-2500.png,P4H
test-2475.png,P4H
test-2673.png,P4H
test-1209.png,P4H
test-3696.png,P4H
test-4286.png,P4H
test-1421.png,P4H
test-879.png,P4H
test-914.png,P4H
test-2622.png,P4H
test-2905.png,P4H
test-337.png,P4H
test-2263.png,P4H
test-4495.png,P4H
test-2644.png,P4H
test-2173.png,P4H
test-3383.png,P4H
test-2860.png,P4H
test-962.png,P4H
test-1151.png,P4H
test-1701.png,P4H
test-3980.png,P4H
test-3096.png,P4H
test-3350.png,P4H
test-2404.png,P4H
test-1110.png,P4H
test-4754.png,P4H
test-1525.png,P4H
test-700.png,P4H
test-3781.png,P4H
test-672.png,P4H
test-3203.png,P4H
test-4138.png,P4H
test-1917.png,P4H
test-3104.png,P4H
test-251.png,P4H
test-2174.png,P4H
test-3712.png,P4H
test-2163.png,P4H
test-3072.png,P4H
test-3721.png,P4H
test-4387.png,P4H
test-2063.png,P4H
test-743.png,P4H
test-2764.png,P4H
test-4725.png,P4H
test-4440.png,P4H
test-3700.png,P4H
test-520.png,P4H
test-1107.png,P4H
test-4734.png,P4H
test-3094.png,P4H
test-3016.png,P4H
test-268.png,P4H
test-85.png,P4H
test-4363.png,P4H
test-1164.png,P4H
test-4421.png,P4H
test-3451.png,P4H
test-852.png,P4H
test-2002.png,P4H
test-735.png,P4H
test-3657.png,P4H
test-3121.png,P4H
test-3846.png,P4H
test-4345.png,P4H
test-2663.png,P4H
test-3885.png,P4H
test-4528.png,P4H
test-946.png,P4H
test-38.png,P4H
test-1252.png,P4H
test-3714.png,P4H
test-3645.png,P4H
test-4067.png,P4H
test-2495.png,P4H
test-3767.png,P4H
test-1067.png,P4H
test-4218.png,P4H
test-2140.png,P4H
test-1475.png,P4H
test-589.png,P4H
test-2908.png,P4H
test-2557.png,P4H
test-1378.png,P4H
test-3673.png,P4H
test-1449.png,P4H
test-4001.png,P4H
test-1599.png,P4H
test-2129.png,P4H
test-3720.png,P4H
test-2363.png,P4H
test-322.png,P4H
test-364.png,P4H
test-3374.png,P4H
test-74.png,P4H
test-345.png,P4H
test-4168.png,P4H
test-2488.png,P4H
test-1092.png,P4H
test-4437.png,P4H
test-2215.png,P4H
test-1558.png,P4H
test-3230.png,P4H
test-3881.png,P4H
test-4471.png,P4H
test-1268.png,P4H
test-3786.png,P4H
test-4200.png,P4H
test-3291.png,P4H
test-1735.png,P4H
test-4846.png,P4H
test-1370.png,P4H
test-533.png,P4H
test-1820.png,P4H
test-2998.png,P4H
test-2067.png,P4H
test-3940.png,P4H
test-2992.png,P4H
test-3863.png,P4H
test-4944.png,P4H
test-1243.png,P4H
test-843.png,P4H
test-157.png,P4H
test-2951.png,P4H
test-4053.png,P4H
test-707.png,P4H
test-2955.png,P4H
test-1646.png,P4H
test-2759.png,P4H
test-855.png,P4H
test-3973.png,P4H
test-779.png,P4H
test-338.png,P4H
test-2374.png,P4H
test-1586.png,P4H
test-2588.png,P4H
test-4803.png,P4H
test-4107.png,P4H
test-4269.png,P4H
test-4726.png,P4H
test-2906.png,P4H
test-4197.png,P4H
test-1321.png,P4H
test-4555.png,P4H
test-329.png,P4H
test-1754.png,P4H
test-4515.png,P4H
test-985.png,P4H
test-1167.png,P4H
test-677.png,P4H
test-4401.png,P4H
test-372.png,P4H
test-3399.png,P4H
test-3438.png,P4H
test-4016.png,P4H
test-1126.png,P4H
test-3036.png,P4H
test-193.png,P4H
test-285.png,P4H
test-488.png,P4H
test-2149.png,P4H
test-3147.png,P4H
test-3284.png,P4H
test-2931.png,P4H
test-1222.png,P4H
test-2344.png,P4H
test-70.png,P4H
test-341.png,P4H
test-1661.png,P4H
test-4805.png,P4H
test-3848.png,P4H
test-431.png,P4H
test-3495.png,P4H
test-1828.png,P4H
test-407.png,P4H
test-3378.png,P4H
test-1005.png,P4H
test-3461.png,P4H
test-1074.png,P4H
test-4193.png,P4H
test-3142.png,P4H
test-1402.png,P4H
test-516.png,P4H
test-1036.png,P4H
test-2004.png,P4H
test-4714.png,P4H
test-4741.png,P4H
test-1634.png,P4H
test-727.png,P4H
test-4309.png,P4H
test-4257.png,P4H
test-4574.png,P4H
test-2029.png,P4H
test-286.png,P4H
test-4962.png,P4H
test-37.png,P4H
test-3476.png,P4H
test-1855.png,P4H
test-2763.png,P4H
test-2684.png,P4H
test-1019.png,P4H
test-4806.png,P4H
test-2347.png,P4H
test-698.png,P4H
test-884.png,P4H
test-2159.png,P4H
test-3414.png,P4H
test-1331.png,P4H
test-2551.png,P4H
test-2624.png,P4H
test-1479.png,P4H
test-2641.png,P4H
test-4007.png,P4H
test-367.png,P4H
test-2092.png,P4H
test-2483.png,P4H
test-3668.png,P4H
test-3900.png,P4H
test-1112.png,P4H
test-283.png,P4H
test-1150.png,P4H
test-804.png,P4H
test-1964.png,P4H
test-15.png,P4H
test-389.png,P4H
test-1892.png,P4H
test-1937.png,P4H
test-1183.png,P4H
test-2130.png,P4H
test-4585.png,P4H
test-4181.png,P4H
test-2158.png,P4H
test-1297.png,P4H
test-2470.png,P4H
test-751.png,P4H
test-4283.png,P4H
test-2069.png,P4H
test-3400.png,P4H
test-1413.png,P4H
test-639.png,P4H
test-4142.png,P4H
test-2861.png,P4H
test-2060.png,P4H
test-3730.png,P4H
test-1781.png,P4H
test-3017.png,P4H
test-950.png,P4H
test-4843.png,P4H
test-4094.png,P4H
test-925.png,P4H
test-2596.png,P4H
test-4477.png,P4H
test-4499.png,P4H
test-212.png,P4H
test-2402.png,P4H
test-3688.png,P4H
test-910.png,P4H
test-4615.png,P4H
test-841.png,P4H
test-1757.png,P4H
test-4397.png,P4H
test-4751.png,P4H
test-3844.png,P4H
test-2331.png,P4H
test-2726.png,P4H
test-4998.png,P4H
test-1780.png,P4H
test-3650.png,P4H
test-2519.png,P4H
test-3151.png,P4H
test-3089.png,P4H
test-3987.png,P4H
test-1078.png,P4H
test-2108.png,P4H
test-2191.png,P4H
test-3005.png,P4H
test-3705.png,P4H
test-3656.png,P4H
test-472.png,P4H
test-2683.png,P4H
test-2924.png,P4H
test-3172.png,P4H
test-2670.png,P4H
test-4079.png,P4H
test-4461.png,P4H
test-1500.png,P4H
test-3627.png,P4H
test-310.png,P4H
test-714.png,P4H
test-1737.png,P4H
test-1912.png,P4H
test-3925.png,P4H
test-1983.png,P4H
test-36.png,P4H
test-2073.png,P4H
test-1989.png,P4H
test-890.png,P4H
test-405.png,P4H
test-3474.png,P4H
test-901.png,P4H
test-4817.png,P4H
test-4279.png,P4H
test-4957.png,P4H
test-2045.png,P4H
test-170.png,P4H
test-3511.png,P4H
test-2784.png,P4H
test-942.png,P4H
test-794.png,P4H
test-2138.png,P4H
test-1896.png,P4H
test-3300.png,P4H
test-3676.png,P4H
test-782.png,P4H
test-562.png,P4H
test-4537.png,P4H
test-4424.png,P4H
test-3421.png,P4H
test-750.png,P4H
test-1836.png,P4H
test-3426.png,P4H
test-3879.png,P4H
test-65.png,P4H
test-563.png,P4H
test-3797.png,P4H
test-4367.png,P4H
test-1315.png,P4H
test-4789.png,P4H
test-2132.png,P4H
test-4601.png,P4H
test-401.png,P4H
test-239.png,P4H
test-4399.png,P4H
test-1545.png,P4H
test-4790.png,P4H
test-2628.png,P4H
test-2921.png,P4H
test-4695.png,P4H
test-214.png,P4H
test-404.png,P4H
test-2030.png,P4H
test-3222.png,P4H
test-2462.png,P4H
test-4572.png,P4H
test-2707.png,P4H
test-1805.png,P4H
test-695.png,P4H
test-327.png,P4H
test-2639.png,P4H
test-1758.png,P4H
test-2605.png,P4H
test-2808.png,P4H
test-3404.png,P4H
test-406.png,P4H
test-235.png,P4H
test-2447.png,P4H
test-424.png,P4H
test-1902.png,P4H
test-3370.png,P4H
test-1416.png,P4H
test-1433.png,P4H
test-2195.png,P4H
test-1662.png,P4H
test-3977.png,P4H
test-970.png,P4H
test-2589.png,P4H
test-643.png,P4H
test-4888.png,P4H
test-1060.png,P4H
test-3395.png,P4H
test-3585.png,P4H
test-2337.png,P4H
test-733.png,P4H
test-706.png,P4H
test-2420.png,P4H
test-577.png,P4H
test-1871.png,P4H
test-4530.png,P4H
test-354.png,P4H
test-4234.png,P4H
test-939.png,P4H
test-508.png,P4H
test-3841.png,P4H
test-1096.png,P4H
test-1630.png,P4H
test-2760.png,P4H
test-1945.png,P4H
test-2765.png,P4H
test-2304.png,P4H
test-1898.png,P4H
test-2451.png,P4H
test-1985.png,P4H
test-1834.png,P4H
test-3839.png,P4H
test-1205.png,P4H
test-1163.png,P4H
test-2835.png,P4H
test-3211.png,P4H
test-1320.png,P4H
test-790.png,P4H
test-4055.png,P4H
test-3642.png,P4H
test-2043.png,P4H
test-850.png,P4H
test-3058.png,P4H
test-4514.png,P4H
test-4706.png,P4H
test-3396.png,P4H
test-1687.png,P4H
test-3930.png,P4H
test-4671.png,P4H
test-2349.png,P4H
test-4506.png,P4H
test-222.png,P4H
test-2155.png,P4H
test-3388.png,P4H
test-614.png,P4H
test-4628.png,P4H
test-1023.png,P4H
test-1292.png,P4H
test-3501.png,P4H
test-2777.png,P4H
test-95.png,P4H
test-50.png,P4H
test-1287.png,P4H
test-4621.png,P4H
test-3573.png,P4H
test-3597.png,P4H
test-1490.png,P4H
test-3867.png,P4H
test-2188.png,P4H
test-3253.png,P4H
test-2264.png,P4H
test-247.png,P4H
test-4383.png,P4H
test-4953.png,P4H
test-2473.png,P4H
test-4697.png,P4H
test-2217.png,P4H
test-4011.png,P4H
test-1304.png,P4H
test-2315.png,P4H
test-3939.png,P4H
test-2189.png,P4H
test-1564.png,P4H
test-2597.png,P4H
test-1106.png,P4H
test-3208.png,P4H
test-4242.png,P4H
test-2959.png,P4H
test-387.png,P4H
test-4061.png,P4H
test-3494.png,P4H
test-1177.png,P4H
test-1619.png,P4H
test-1649.png,P4H
test-4787.png,P4H
test-2196.png,P4H
test-2178.png,P4H
test-3625.png,P4H
test-4616.png,P4H
test-3941.png,P4H
test-585.png,P4H
test-1189.png,P4H
test-2066.png,P4H
test-3140.png,P4H
test-3951.png,P4H
test-2550.png,P4H
test-2348.png,P4H
test-4762.png,P4H
test-352.png,P4H
test-3562.png,P4H
test-484.png,P4H
test-1485.png,P4H
test-1030.png,P4H
test-2319.png,P4H
test-966.png,P4H
test-3549.png,P4H
test-2558.png,P4H
test-412.png,P4H
test-4568.png,P4H
test-4509.png,P4H
test-3699.png,P4H
test-783.png,P4H
test-1466.png,P4H
test-4721.png,P4H
